<?xml version="1.0" encoding="UTF-8"?>
<qes:espresso xmlns:xsi="http://www.w3.org/2001/XMLSchema-instance" xmlns:qes="http://www.quantum-espresso.org/ns/qes/qes-1.0" xsi:schemaLocation="http://www.quantum-espresso.org/ns/qes/qes-1.0 http://www.quantum-espresso.org/ns/qes/qes_250412.xsd" Units="Hartree atomic units">
<!-- All quantities are in Hartree atomic units unless otherwise specified -->
  <general_info>
    <xml_format NAME="QEXSD" VERSION="24.11.04">QEXSD_24.11.04</xml_format>
    <creator NAME="PWSCF" VERSION="7.4.1">XML file generated by PWSCF</creator>
    <created DATE="21Apr2025" TIME="22:47: 3">This run was terminated on:  22:47: 3  21 Apr 2025</created>
    <job></job>
  </general_info>
  <parallel_info>
    <nprocs>1</nprocs>
    <nthreads>1</nthreads>
    <ntasks>1</ntasks>
    <nbgrp>1</nbgrp>
    <npool>1</npool>
    <ndiag>1</ndiag>
  </parallel_info>
  <input>
    <control_variables>
      <title></title>
      <calculation>scf</calculation>
      <restart_mode>from_scratch</restart_mode>
      <prefix>si</prefix>
      <pseudo_dir>../../pseudopotentials/</pseudo_dir>
      <outdir>./tmp</outdir>
      <stress>false</stress>
      <forces>false</forces>
      <wf_collect>true</wf_collect>
      <disk_io>low</disk_io>
      <max_seconds>10000000</max_seconds>
      <nstep>1</nstep>
      <etot_conv_thr>5.000000000000000E-005</etot_conv_thr>
      <forc_conv_thr>5.000000000000000E-004</forc_conv_thr>
      <press_conv_thr>5.000000000000000E-001</press_conv_thr>
      <verbosity>low</verbosity>
      <print_every>100000</print_every>
      <fcp>false</fcp>
      <rism>false</rism>
    </control_variables>
    <atomic_species ntyp="1">
      <species name="Si">
        <mass>2.808550000000000E+001</mass>
        <pseudo_file>Si.pbe-n-kjpaw_psl.1.0.0.UPF</pseudo_file>
      </species>
    </atomic_species>
    <atomic_structure nat="1" alat="5.6471999999999998" bravais_index="2">
      <atomic_positions>
        <atom name="Si" index="1">0.000000000000000E+000  0.000000000000000E+000  0.000000000000000E+000</atom>
      </atomic_positions>
      <cell>
        <a1>-2.823600000000000E+000  0.000000000000000E+000  2.823600000000000E+000</a1>
        <a2>0.000000000000000E+000  2.823600000000000E+000  2.823600000000000E+000</a2>
        <a3>-2.823600000000000E+000  2.823600000000000E+000  0.000000000000000E+000</a3>
      </cell>
    </atomic_structure>
    <dft>
      <functional>PBE</functional>
    </dft>
    <spin>
      <lsda>false</lsda>
      <noncolin>false</noncolin>
      <spinorbit>false</spinorbit>
    </spin>
    <bands>
      <smearing degauss="1.0000000000000000E-002">mp</smearing>
      <tot_charge>0.000000000000000E+000</tot_charge>
      <occupations>smearing</occupations>
    </bands>
    <basis>
      <gamma_only>false</gamma_only>
      <ecutwfc>3.000000000000000E+001</ecutwfc>
      <ecutrho>2.400000000000000E+002</ecutrho>
    </basis>
    <electron_control>
      <diagonalization>davidson</diagonalization>
      <mixing_mode>plain</mixing_mode>
      <mixing_beta>7.000000000000000E-001</mixing_beta>
      <conv_thr>5.000000000000000E-007</conv_thr>
      <mixing_ndim>8</mixing_ndim>
      <max_nstep>100</max_nstep>
      <exx_nstep>100</exx_nstep>
      <real_space_q>false</real_space_q>
      <real_space_beta>false</real_space_beta>
      <tq_smoothing>false</tq_smoothing>
      <tbeta_smoothing>false</tbeta_smoothing>
      <diago_thr_init>0.000000000000000E+000</diago_thr_init>
      <diago_full_acc>false</diago_full_acc>
      <diago_cg_maxiter>20</diago_cg_maxiter>
      <diago_rmm_ndim>4</diago_rmm_ndim>
      <diago_gs_nblock>16</diago_gs_nblock>
      <diago_rmm_conv>false</diago_rmm_conv>
    </electron_control>
    <k_points_IBZ>
      <monkhorst_pack nk1="6" nk2="6" nk3="6" k1="1" k2="1" k3="1">Uniform grid with offset</monkhorst_pack>
    </k_points_IBZ>
    <ion_control>
      <ion_dynamics>none</ion_dynamics>
      <upscale>1.000000000000000E+002</upscale>
      <remove_rigid_rot>false</remove_rigid_rot>
      <refold_pos>false</refold_pos>
    </ion_control>
    <cell_control>
      <cell_dynamics>none</cell_dynamics>
      <pressure>0.000000000000000E+000</pressure>
      <wmass>0.000000000000000E+000</wmass>
      <cell_do_free>all</cell_do_free>
    </cell_control>
    <symmetry_flags>
      <nosym>false</nosym>
      <nosym_evc>false</nosym_evc>
      <noinv>false</noinv>
      <no_t_rev>false</no_t_rev>
      <force_symmorphic>false</force_symmorphic>
      <use_all_frac>false</use_all_frac>
    </symmetry_flags>
    <free_positions rank="2" dims="           3           1">
           1           1           1
    </free_positions>
    <twoch_>
      <twochem>false</twochem>
      <nbnd_cond>0</nbnd_cond>
      <degauss_cond>0.000000000000000E+000</degauss_cond>
      <nelec_cond>0.000000000000000E+000</nelec_cond>
    </twoch_>
  </input>
  <output>
    <convergence_info>
      <scf_conv>
        <convergence_achieved>true</convergence_achieved>
        <n_scf_steps>3</n_scf_steps>
        <scf_error>3.145303017476572E-007</scf_error>
      </scf_conv>
      <wf_collected>true</wf_collected>
    </convergence_info>
    <algorithmic_info>
      <real_space_q>false</real_space_q>
      <real_space_beta>false</real_space_beta>
      <uspp>true</uspp>
      <paw>true</paw>
    </algorithmic_info>
    <atomic_species ntyp="1" pseudo_dir="../../pseudopotentials/">
      <species name="Si">
        <mass>2.808550000000000E+001</mass>
        <pseudo_file>Si.pbe-n-kjpaw_psl.1.0.0.UPF</pseudo_file>
      </species>
    </atomic_species>
    <atomic_structure nat="1" num_of_atomic_wfc="4" alat="5.6471999999999998" bravais_index="2">
      <atomic_positions>
        <atom name="Si" index="1">
  0.000000000000000E+000  0.000000000000000E+000  0.000000000000000E+000
        </atom>
      </atomic_positions>
      <cell>
        <a1>-2.823600000000000E+000  0.000000000000000E+000  2.823600000000000E+000</a1>
        <a2>0.000000000000000E+000  2.823600000000000E+000  2.823600000000000E+000</a2>
        <a3>-2.823600000000000E+000  2.823600000000000E+000  0.000000000000000E+000</a3>
      </cell>
    </atomic_structure>
    <symmetries>
      <nsym>48</nsym>
      <colin_mag>-1</colin_mag>
      <nrot>48</nrot>
      <space_group>0</space_group>
      <symmetry>
        <info name="identity">crystal_symmetry</info>
        <rotation rank="2" dims="           3           3">
  1.000000000000000E+000  0.000000000000000E+000  0.000000000000000E+000
  0.000000000000000E+000  1.000000000000000E+000  0.000000000000000E+000
  0.000000000000000E+000  0.000000000000000E+000  1.000000000000000E+000
        </rotation>
        <fractional_translation>
  0.000000000000000E+000  0.000000000000000E+000  0.000000000000000E+000
        </fractional_translation>
        <equivalent_atoms size="1" nat="1">
           1
        </equivalent_atoms>
      </symmetry>
      <symmetry>
        <info name="180 deg rotation - cart. axis [0,0,1]">crystal_symmetry</info>
        <rotation rank="2" dims="           3           3">
  0.000000000000000E+000  1.000000000000000E+000  0.000000000000000E+000
  1.000000000000000E+000  0.000000000000000E+000  0.000000000000000E+000
 -1.000000000000000E+000 -1.000000000000000E+000 -1.000000000000000E+000
        </rotation>
        <fractional_translation>
  0.000000000000000E+000  0.000000000000000E+000  0.000000000000000E+000
        </fractional_translation>
        <equivalent_atoms size="1" nat="1">
           1
        </equivalent_atoms>
      </symmetry>
      <symmetry>
        <info name="180 deg rotation - cart. axis [0,1,0]">crystal_symmetry</info>
        <rotation rank="2" dims="           3           3">
 -1.000000000000000E+000 -1.000000000000000E+000 -1.000000000000000E+000
  0.000000000000000E+000  0.000000000000000E+000  1.000000000000000E+000
  0.000000000000000E+000  1.000000000000000E+000  0.000000000000000E+000
        </rotation>
        <fractional_translation>
  0.000000000000000E+000  0.000000000000000E+000  0.000000000000000E+000
        </fractional_translation>
        <equivalent_atoms size="1" nat="1">
           1
        </equivalent_atoms>
      </symmetry>
      <symmetry>
        <info name="180 deg rotation - cart. axis [1,0,0]">crystal_symmetry</info>
        <rotation rank="2" dims="           3           3">
  0.000000000000000E+000  0.000000000000000E+000  1.000000000000000E+000
 -1.000000000000000E+000 -1.000000000000000E+000 -1.000000000000000E+000
  1.000000000000000E+000  0.000000000000000E+000  0.000000000000000E+000
        </rotation>
        <fractional_translation>
  0.000000000000000E+000  0.000000000000000E+000  0.000000000000000E+000
        </fractional_translation>
        <equivalent_atoms size="1" nat="1">
           1
        </equivalent_atoms>
      </symmetry>
      <symmetry>
        <info name="180 deg rotation - cart. axis [1,1,0]">crystal_symmetry</info>
        <rotation rank="2" dims="           3           3">
  0.000000000000000E+000 -1.000000000000000E+000  0.000000000000000E+000
 -1.000000000000000E+000  0.000000000000000E+000  0.000000000000000E+000
  0.000000000000000E+000  0.000000000000000E+000 -1.000000000000000E+000
        </rotation>
        <fractional_translation>
  0.000000000000000E+000  0.000000000000000E+000  0.000000000000000E+000
        </fractional_translation>
        <equivalent_atoms size="1" nat="1">
           1
        </equivalent_atoms>
      </symmetry>
      <symmetry>
        <info name="180 deg rotation - cart. axis [1,-1,0]">crystal_symmetry</info>
        <rotation rank="2" dims="           3           3">
 -1.000000000000000E+000  0.000000000000000E+000  0.000000000000000E+000
  0.000000000000000E+000 -1.000000000000000E+000  0.000000000000000E+000
  1.000000000000000E+000  1.000000000000000E+000  1.000000000000000E+000
        </rotation>
        <fractional_translation>
  0.000000000000000E+000  0.000000000000000E+000  0.000000000000000E+000
        </fractional_translation>
        <equivalent_atoms size="1" nat="1">
           1
        </equivalent_atoms>
      </symmetry>
      <symmetry>
        <info name=" 90 deg rotation - cart. axis [0,0,-1]">crystal_symmetry</info>
        <rotation rank="2" dims="           3           3">
  0.000000000000000E+000  0.000000000000000E+000 -1.000000000000000E+000
  1.000000000000000E+000  1.000000000000000E+000  1.000000000000000E+000
  0.000000000000000E+000 -1.000000000000000E+000  0.000000000000000E+000
        </rotation>
        <fractional_translation>
  0.000000000000000E+000  0.000000000000000E+000  0.000000000000000E+000
        </fractional_translation>
        <equivalent_atoms size="1" nat="1">
           1
        </equivalent_atoms>
      </symmetry>
      <symmetry>
        <info name=" 90 deg rotation - cart. axis [0,0,1]">crystal_symmetry</info>
        <rotation rank="2" dims="           3           3">
  1.000000000000000E+000  1.000000000000000E+000  1.000000000000000E+000
  0.000000000000000E+000  0.000000000000000E+000 -1.000000000000000E+000
 -1.000000000000000E+000  0.000000000000000E+000  0.000000000000000E+000
        </rotation>
        <fractional_translation>
  0.000000000000000E+000  0.000000000000000E+000  0.000000000000000E+000
        </fractional_translation>
        <equivalent_atoms size="1" nat="1">
           1
        </equivalent_atoms>
      </symmetry>
      <symmetry>
        <info name="180 deg rotation - cart. axis [1,0,1]">crystal_symmetry</info>
        <rotation rank="2" dims="           3           3">
 -1.000000000000000E+000  0.000000000000000E+000  0.000000000000000E+000
  0.000000000000000E+000  0.000000000000000E+000 -1.000000000000000E+000
  0.000000000000000E+000 -1.000000000000000E+000  0.000000000000000E+000
        </rotation>
        <fractional_translation>
  0.000000000000000E+000  0.000000000000000E+000  0.000000000000000E+000
        </fractional_translation>
        <equivalent_atoms size="1" nat="1">
           1
        </equivalent_atoms>
      </symmetry>
      <symmetry>
        <info name="180 deg rotation - cart. axis [-1,0,1]">crystal_symmetry</info>
        <rotation rank="2" dims="           3           3">
  1.000000000000000E+000  1.000000000000000E+000  1.000000000000000E+000
  0.000000000000000E+000 -1.000000000000000E+000  0.000000000000000E+000
  0.000000000000000E+000  0.000000000000000E+000 -1.000000000000000E+000
        </rotation>
        <fractional_translation>
  0.000000000000000E+000  0.000000000000000E+000  0.000000000000000E+000
        </fractional_translation>
        <equivalent_atoms size="1" nat="1">
           1
        </equivalent_atoms>
      </symmetry>
      <symmetry>
        <info name=" 90 deg rotation - cart. axis [0,1,0]">crystal_symmetry</info>
        <rotation rank="2" dims="           3           3">
  0.000000000000000E+000 -1.000000000000000E+000  0.000000000000000E+000
  1.000000000000000E+000  1.000000000000000E+000  1.000000000000000E+000
 -1.000000000000000E+000  0.000000000000000E+000  0.000000000000000E+000
        </rotation>
        <fractional_translation>
  0.000000000000000E+000  0.000000000000000E+000  0.000000000000000E+000
        </fractional_translation>
        <equivalent_atoms size="1" nat="1">
           1
        </equivalent_atoms>
      </symmetry>
      <symmetry>
        <info name=" 90 deg rotation - cart. axis [0,-1,0]">crystal_symmetry</info>
        <rotation rank="2" dims="           3           3">
  0.000000000000000E+000  0.000000000000000E+000 -1.000000000000000E+000
 -1.000000000000000E+000  0.000000000000000E+000  0.000000000000000E+000
  1.000000000000000E+000  1.000000000000000E+000  1.000000000000000E+000
        </rotation>
        <fractional_translation>
  0.000000000000000E+000  0.000000000000000E+000  0.000000000000000E+000
        </fractional_translation>
        <equivalent_atoms size="1" nat="1">
           1
        </equivalent_atoms>
      </symmetry>
      <symmetry>
        <info name="180 deg rotation - cart. axis [0,1,1]">crystal_symmetry</info>
        <rotation rank="2" dims="           3           3">
 -1.000000000000000E+000  0.000000000000000E+000  0.000000000000000E+000
  1.000000000000000E+000  1.000000000000000E+000  1.000000000000000E+000
  0.000000000000000E+000  0.000000000000000E+000 -1.000000000000000E+000
        </rotation>
        <fractional_translation>
  0.000000000000000E+000  0.000000000000000E+000  0.000000000000000E+000
        </fractional_translation>
        <equivalent_atoms size="1" nat="1">
           1
        </equivalent_atoms>
      </symmetry>
      <symmetry>
        <info name="180 deg rotation - cart. axis [0,1,-1]">crystal_symmetry</info>
        <rotation rank="2" dims="           3           3">
  0.000000000000000E+000  0.000000000000000E+000 -1.000000000000000E+000
  0.000000000000000E+000 -1.000000000000000E+000  0.000000000000000E+000
 -1.000000000000000E+000  0.000000000000000E+000  0.000000000000000E+000
        </rotation>
        <fractional_translation>
  0.000000000000000E+000  0.000000000000000E+000  0.000000000000000E+000
        </fractional_translation>
        <equivalent_atoms size="1" nat="1">
           1
        </equivalent_atoms>
      </symmetry>
      <symmetry>
        <info name=" 90 deg rotation - cart. axis [-1,0,0]">crystal_symmetry</info>
        <rotation rank="2" dims="           3           3">
  0.000000000000000E+000 -1.000000000000000E+000  0.000000000000000E+000
  0.000000000000000E+000  0.000000000000000E+000 -1.000000000000000E+000
  1.000000000000000E+000  1.000000000000000E+000  1.000000000000000E+000
        </rotation>
        <fractional_translation>
  0.000000000000000E+000  0.000000000000000E+000  0.000000000000000E+000
        </fractional_translation>
        <equivalent_atoms size="1" nat="1">
           1
        </equivalent_atoms>
      </symmetry>
      <symmetry>
        <info name=" 90 deg rotation - cart. axis [1,0,0]">crystal_symmetry</info>
        <rotation rank="2" dims="           3           3">
  1.000000000000000E+000  1.000000000000000E+000  1.000000000000000E+000
 -1.000000000000000E+000  0.000000000000000E+000  0.000000000000000E+000
  0.000000000000000E+000 -1.000000000000000E+000  0.000000000000000E+000
        </rotation>
        <fractional_translation>
  0.000000000000000E+000  0.000000000000000E+000  0.000000000000000E+000
        </fractional_translation>
        <equivalent_atoms size="1" nat="1">
           1
        </equivalent_atoms>
      </symmetry>
      <symmetry>
        <info name="120 deg rotation - cart. axis [-1,-1,-1]">crystal_symmetry</info>
        <rotation rank="2" dims="           3           3">
 -1.000000000000000E+000 -1.000000000000000E+000 -1.000000000000000E+000
  0.000000000000000E+000  1.000000000000000E+000  0.000000000000000E+000
  1.000000000000000E+000  0.000000000000000E+000  0.000000000000000E+000
        </rotation>
        <fractional_translation>
  0.000000000000000E+000  0.000000000000000E+000  0.000000000000000E+000
        </fractional_translation>
        <equivalent_atoms size="1" nat="1">
           1
        </equivalent_atoms>
      </symmetry>
      <symmetry>
        <info name="120 deg rotation - cart. axis [-1,1,1]">crystal_symmetry</info>
        <rotation rank="2" dims="           3           3">
  0.000000000000000E+000  0.000000000000000E+000  1.000000000000000E+000
  1.000000000000000E+000  0.000000000000000E+000  0.000000000000000E+000
  0.000000000000000E+000  1.000000000000000E+000  0.000000000000000E+000
        </rotation>
        <fractional_translation>
  0.000000000000000E+000  0.000000000000000E+000  0.000000000000000E+000
        </fractional_translation>
        <equivalent_atoms size="1" nat="1">
           1
        </equivalent_atoms>
      </symmetry>
      <symmetry>
        <info name="120 deg rotation - cart. axis [1,1,-1]">crystal_symmetry</info>
        <rotation rank="2" dims="           3           3">
  1.000000000000000E+000  0.000000000000000E+000  0.000000000000000E+000
  0.000000000000000E+000  0.000000000000000E+000  1.000000000000000E+000
 -1.000000000000000E+000 -1.000000000000000E+000 -1.000000000000000E+000
        </rotation>
        <fractional_translation>
  0.000000000000000E+000  0.000000000000000E+000  0.000000000000000E+000
        </fractional_translation>
        <equivalent_atoms size="1" nat="1">
           1
        </equivalent_atoms>
      </symmetry>
      <symmetry>
        <info name="120 deg rotation - cart. axis [1,-1,1]">crystal_symmetry</info>
        <rotation rank="2" dims="           3           3">
  0.000000000000000E+000  1.000000000000000E+000  0.000000000000000E+000
 -1.000000000000000E+000 -1.000000000000000E+000 -1.000000000000000E+000
  0.000000000000000E+000  0.000000000000000E+000  1.000000000000000E+000
        </rotation>
        <fractional_translation>
  0.000000000000000E+000  0.000000000000000E+000  0.000000000000000E+000
        </fractional_translation>
        <equivalent_atoms size="1" nat="1">
           1
        </equivalent_atoms>
      </symmetry>
      <symmetry>
        <info name="120 deg rotation - cart. axis [1,1,1]">crystal_symmetry</info>
        <rotation rank="2" dims="           3           3">
  0.000000000000000E+000  0.000000000000000E+000  1.000000000000000E+000
  0.000000000000000E+000  1.000000000000000E+000  0.000000000000000E+000
 -1.000000000000000E+000 -1.000000000000000E+000 -1.000000000000000E+000
        </rotation>
        <fractional_translation>
  0.000000000000000E+000  0.000000000000000E+000  0.000000000000000E+000
        </fractional_translation>
        <equivalent_atoms size="1" nat="1">
           1
        </equivalent_atoms>
      </symmetry>
      <symmetry>
        <info name="120 deg rotation - cart. axis [-1,1,-1]">crystal_symmetry</info>
        <rotation rank="2" dims="           3           3">
 -1.000000000000000E+000 -1.000000000000000E+000 -1.000000000000000E+000
  1.000000000000000E+000  0.000000000000000E+000  0.000000000000000E+000
  0.000000000000000E+000  0.000000000000000E+000  1.000000000000000E+000
        </rotation>
        <fractional_translation>
  0.000000000000000E+000  0.000000000000000E+000  0.000000000000000E+000
        </fractional_translation>
        <equivalent_atoms size="1" nat="1">
           1
        </equivalent_atoms>
      </symmetry>
      <symmetry>
        <info name="120 deg rotation - cart. axis [1,-1,-1]">crystal_symmetry</info>
        <rotation rank="2" dims="           3           3">
  0.000000000000000E+000  1.000000000000000E+000  0.000000000000000E+000
  0.000000000000000E+000  0.000000000000000E+000  1.000000000000000E+000
  1.000000000000000E+000  0.000000000000000E+000  0.000000000000000E+000
        </rotation>
        <fractional_translation>
  0.000000000000000E+000  0.000000000000000E+000  0.000000000000000E+000
        </fractional_translation>
        <equivalent_atoms size="1" nat="1">
           1
        </equivalent_atoms>
      </symmetry>
      <symmetry>
        <info name="120 deg rotation - cart. axis [-1,-1,1]">crystal_symmetry</info>
        <rotation rank="2" dims="           3           3">
  1.000000000000000E+000  0.000000000000000E+000  0.000000000000000E+000
 -1.000000000000000E+000 -1.000000000000000E+000 -1.000000000000000E+000
  0.000000000000000E+000  1.000000000000000E+000  0.000000000000000E+000
        </rotation>
        <fractional_translation>
  0.000000000000000E+000  0.000000000000000E+000  0.000000000000000E+000
        </fractional_translation>
        <equivalent_atoms size="1" nat="1">
           1
        </equivalent_atoms>
      </symmetry>
      <symmetry>
        <info name="inversion">crystal_symmetry</info>
        <rotation rank="2" dims="           3           3">
 -1.000000000000000E+000  0.000000000000000E+000  0.000000000000000E+000
  0.000000000000000E+000 -1.000000000000000E+000  0.000000000000000E+000
  0.000000000000000E+000  0.000000000000000E+000 -1.000000000000000E+000
        </rotation>
        <fractional_translation>
  0.000000000000000E+000  0.000000000000000E+000  0.000000000000000E+000
        </fractional_translation>
        <equivalent_atoms size="1" nat="1">
           1
        </equivalent_atoms>
      </symmetry>
      <symmetry>
        <info name="inv. 180 deg rotation - cart. axis [0,0,1]">crystal_symmetry</info>
        <rotation rank="2" dims="           3           3">
  0.000000000000000E+000 -1.000000000000000E+000  0.000000000000000E+000
 -1.000000000000000E+000  0.000000000000000E+000  0.000000000000000E+000
  1.000000000000000E+000  1.000000000000000E+000  1.000000000000000E+000
        </rotation>
        <fractional_translation>
  0.000000000000000E+000  0.000000000000000E+000  0.000000000000000E+000
        </fractional_translation>
        <equivalent_atoms size="1" nat="1">
           1
        </equivalent_atoms>
      </symmetry>
      <symmetry>
        <info name="inv. 180 deg rotation - cart. axis [0,1,0]">crystal_symmetry</info>
        <rotation rank="2" dims="           3           3">
  1.000000000000000E+000  1.000000000000000E+000  1.000000000000000E+000
  0.000000000000000E+000  0.000000000000000E+000 -1.000000000000000E+000
  0.000000000000000E+000 -1.000000000000000E+000  0.000000000000000E+000
        </rotation>
        <fractional_translation>
  0.000000000000000E+000  0.000000000000000E+000  0.000000000000000E+000
        </fractional_translation>
        <equivalent_atoms size="1" nat="1">
           1
        </equivalent_atoms>
      </symmetry>
      <symmetry>
        <info name="inv. 180 deg rotation - cart. axis [1,0,0]">crystal_symmetry</info>
        <rotation rank="2" dims="           3           3">
  0.000000000000000E+000  0.000000000000000E+000 -1.000000000000000E+000
  1.000000000000000E+000  1.000000000000000E+000  1.000000000000000E+000
 -1.000000000000000E+000  0.000000000000000E+000  0.000000000000000E+000
        </rotation>
        <fractional_translation>
  0.000000000000000E+000  0.000000000000000E+000  0.000000000000000E+000
        </fractional_translation>
        <equivalent_atoms size="1" nat="1">
           1
        </equivalent_atoms>
      </symmetry>
      <symmetry>
        <info name="inv. 180 deg rotation - cart. axis [1,1,0]">crystal_symmetry</info>
        <rotation rank="2" dims="           3           3">
  0.000000000000000E+000  1.000000000000000E+000  0.000000000000000E+000
  1.000000000000000E+000  0.000000000000000E+000  0.000000000000000E+000
  0.000000000000000E+000  0.000000000000000E+000  1.000000000000000E+000
        </rotation>
        <fractional_translation>
  0.000000000000000E+000  0.000000000000000E+000  0.000000000000000E+000
        </fractional_translation>
        <equivalent_atoms size="1" nat="1">
           1
        </equivalent_atoms>
      </symmetry>
      <symmetry>
        <info name="inv. 180 deg rotation - cart. axis [1,-1,0]">crystal_symmetry</info>
        <rotation rank="2" dims="           3           3">
  1.000000000000000E+000  0.000000000000000E+000  0.000000000000000E+000
  0.000000000000000E+000  1.000000000000000E+000  0.000000000000000E+000
 -1.000000000000000E+000 -1.000000000000000E+000 -1.000000000000000E+000
        </rotation>
        <fractional_translation>
  0.000000000000000E+000  0.000000000000000E+000  0.000000000000000E+000
        </fractional_translation>
        <equivalent_atoms size="1" nat="1">
           1
        </equivalent_atoms>
      </symmetry>
      <symmetry>
        <info name="inv.  90 deg rotation - cart. axis [0,0,-1]">crystal_symmetry</info>
        <rotation rank="2" dims="           3           3">
  0.000000000000000E+000  0.000000000000000E+000  1.000000000000000E+000
 -1.000000000000000E+000 -1.000000000000000E+000 -1.000000000000000E+000
  0.000000000000000E+000  1.000000000000000E+000  0.000000000000000E+000
        </rotation>
        <fractional_translation>
  0.000000000000000E+000  0.000000000000000E+000  0.000000000000000E+000
        </fractional_translation>
        <equivalent_atoms size="1" nat="1">
           1
        </equivalent_atoms>
      </symmetry>
      <symmetry>
        <info name="inv.  90 deg rotation - cart. axis [0,0,1]">crystal_symmetry</info>
        <rotation rank="2" dims="           3           3">
 -1.000000000000000E+000 -1.000000000000000E+000 -1.000000000000000E+000
  0.000000000000000E+000  0.000000000000000E+000  1.000000000000000E+000
  1.000000000000000E+000  0.000000000000000E+000  0.000000000000000E+000
        </rotation>
        <fractional_translation>
  0.000000000000000E+000  0.000000000000000E+000  0.000000000000000E+000
        </fractional_translation>
        <equivalent_atoms size="1" nat="1">
           1
        </equivalent_atoms>
      </symmetry>
      <symmetry>
        <info name="inv. 180 deg rotation - cart. axis [1,0,1]">crystal_symmetry</info>
        <rotation rank="2" dims="           3           3">
  1.000000000000000E+000  0.000000000000000E+000  0.000000000000000E+000
  0.000000000000000E+000  0.000000000000000E+000  1.000000000000000E+000
  0.000000000000000E+000  1.000000000000000E+000  0.000000000000000E+000
        </rotation>
        <fractional_translation>
  0.000000000000000E+000  0.000000000000000E+000  0.000000000000000E+000
        </fractional_translation>
        <equivalent_atoms size="1" nat="1">
           1
        </equivalent_atoms>
      </symmetry>
      <symmetry>
        <info name="inv. 180 deg rotation - cart. axis [-1,0,1]">crystal_symmetry</info>
        <rotation rank="2" dims="           3           3">
 -1.000000000000000E+000 -1.000000000000000E+000 -1.000000000000000E+000
  0.000000000000000E+000  1.000000000000000E+000  0.000000000000000E+000
  0.000000000000000E+000  0.000000000000000E+000  1.000000000000000E+000
        </rotation>
        <fractional_translation>
  0.000000000000000E+000  0.000000000000000E+000  0.000000000000000E+000
        </fractional_translation>
        <equivalent_atoms size="1" nat="1">
           1
        </equivalent_atoms>
      </symmetry>
      <symmetry>
        <info name="inv.  90 deg rotation - cart. axis [0,1,0]">crystal_symmetry</info>
        <rotation rank="2" dims="           3           3">
  0.000000000000000E+000  1.000000000000000E+000  0.000000000000000E+000
 -1.000000000000000E+000 -1.000000000000000E+000 -1.000000000000000E+000
  1.000000000000000E+000  0.000000000000000E+000  0.000000000000000E+000
        </rotation>
        <fractional_translation>
  0.000000000000000E+000  0.000000000000000E+000  0.000000000000000E+000
        </fractional_translation>
        <equivalent_atoms size="1" nat="1">
           1
        </equivalent_atoms>
      </symmetry>
      <symmetry>
        <info name="inv.  90 deg rotation - cart. axis [0,-1,0]">crystal_symmetry</info>
        <rotation rank="2" dims="           3           3">
  0.000000000000000E+000  0.000000000000000E+000  1.000000000000000E+000
  1.000000000000000E+000  0.000000000000000E+000  0.000000000000000E+000
 -1.000000000000000E+000 -1.000000000000000E+000 -1.000000000000000E+000
        </rotation>
        <fractional_translation>
  0.000000000000000E+000  0.000000000000000E+000  0.000000000000000E+000
        </fractional_translation>
        <equivalent_atoms size="1" nat="1">
           1
        </equivalent_atoms>
      </symmetry>
      <symmetry>
        <info name="inv. 180 deg rotation - cart. axis [0,1,1]">crystal_symmetry</info>
        <rotation rank="2" dims="           3           3">
  1.000000000000000E+000  0.000000000000000E+000  0.000000000000000E+000
 -1.000000000000000E+000 -1.000000000000000E+000 -1.000000000000000E+000
  0.000000000000000E+000  0.000000000000000E+000  1.000000000000000E+000
        </rotation>
        <fractional_translation>
  0.000000000000000E+000  0.000000000000000E+000  0.000000000000000E+000
        </fractional_translation>
        <equivalent_atoms size="1" nat="1">
           1
        </equivalent_atoms>
      </symmetry>
      <symmetry>
        <info name="inv. 180 deg rotation - cart. axis [0,1,-1]">crystal_symmetry</info>
        <rotation rank="2" dims="           3           3">
  0.000000000000000E+000  0.000000000000000E+000  1.000000000000000E+000
  0.000000000000000E+000  1.000000000000000E+000  0.000000000000000E+000
  1.000000000000000E+000  0.000000000000000E+000  0.000000000000000E+000
        </rotation>
        <fractional_translation>
  0.000000000000000E+000  0.000000000000000E+000  0.000000000000000E+000
        </fractional_translation>
        <equivalent_atoms size="1" nat="1">
           1
        </equivalent_atoms>
      </symmetry>
      <symmetry>
        <info name="inv.  90 deg rotation - cart. axis [-1,0,0]">crystal_symmetry</info>
        <rotation rank="2" dims="           3           3">
  0.000000000000000E+000  1.000000000000000E+000  0.000000000000000E+000
  0.000000000000000E+000  0.000000000000000E+000  1.000000000000000E+000
 -1.000000000000000E+000 -1.000000000000000E+000 -1.000000000000000E+000
        </rotation>
        <fractional_translation>
  0.000000000000000E+000  0.000000000000000E+000  0.000000000000000E+000
        </fractional_translation>
        <equivalent_atoms size="1" nat="1">
           1
        </equivalent_atoms>
      </symmetry>
      <symmetry>
        <info name="inv.  90 deg rotation - cart. axis [1,0,0]">crystal_symmetry</info>
        <rotation rank="2" dims="           3           3">
 -1.000000000000000E+000 -1.000000000000000E+000 -1.000000000000000E+000
  1.000000000000000E+000  0.000000000000000E+000  0.000000000000000E+000
  0.000000000000000E+000  1.000000000000000E+000  0.000000000000000E+000
        </rotation>
        <fractional_translation>
  0.000000000000000E+000  0.000000000000000E+000  0.000000000000000E+000
        </fractional_translation>
        <equivalent_atoms size="1" nat="1">
           1
        </equivalent_atoms>
      </symmetry>
      <symmetry>
        <info name="inv. 120 deg rotation - cart. axis [-1,-1,-1]">crystal_symmetry</info>
        <rotation rank="2" dims="           3           3">
  1.000000000000000E+000  1.000000000000000E+000  1.000000000000000E+000
  0.000000000000000E+000 -1.000000000000000E+000  0.000000000000000E+000
 -1.000000000000000E+000  0.000000000000000E+000  0.000000000000000E+000
        </rotation>
        <fractional_translation>
  0.000000000000000E+000  0.000000000000000E+000  0.000000000000000E+000
        </fractional_translation>
        <equivalent_atoms size="1" nat="1">
           1
        </equivalent_atoms>
      </symmetry>
      <symmetry>
        <info name="inv. 120 deg rotation - cart. axis [-1,1,1]">crystal_symmetry</info>
        <rotation rank="2" dims="           3           3">
  0.000000000000000E+000  0.000000000000000E+000 -1.000000000000000E+000
 -1.000000000000000E+000  0.000000000000000E+000  0.000000000000000E+000
  0.000000000000000E+000 -1.000000000000000E+000  0.000000000000000E+000
        </rotation>
        <fractional_translation>
  0.000000000000000E+000  0.000000000000000E+000  0.000000000000000E+000
        </fractional_translation>
        <equivalent_atoms size="1" nat="1">
           1
        </equivalent_atoms>
      </symmetry>
      <symmetry>
        <info name="inv. 120 deg rotation - cart. axis [1,1,-1]">crystal_symmetry</info>
        <rotation rank="2" dims="           3           3">
 -1.000000000000000E+000  0.000000000000000E+000  0.000000000000000E+000
  0.000000000000000E+000  0.000000000000000E+000 -1.000000000000000E+000
  1.000000000000000E+000  1.000000000000000E+000  1.000000000000000E+000
        </rotation>
        <fractional_translation>
  0.000000000000000E+000  0.000000000000000E+000  0.000000000000000E+000
        </fractional_translation>
        <equivalent_atoms size="1" nat="1">
           1
        </equivalent_atoms>
      </symmetry>
      <symmetry>
        <info name="inv. 120 deg rotation - cart. axis [1,-1,1]">crystal_symmetry</info>
        <rotation rank="2" dims="           3           3">
  0.000000000000000E+000 -1.000000000000000E+000  0.000000000000000E+000
  1.000000000000000E+000  1.000000000000000E+000  1.000000000000000E+000
  0.000000000000000E+000  0.000000000000000E+000 -1.000000000000000E+000
        </rotation>
        <fractional_translation>
  0.000000000000000E+000  0.000000000000000E+000  0.000000000000000E+000
        </fractional_translation>
        <equivalent_atoms size="1" nat="1">
           1
        </equivalent_atoms>
      </symmetry>
      <symmetry>
        <info name="inv. 120 deg rotation - cart. axis [1,1,1]">crystal_symmetry</info>
        <rotation rank="2" dims="           3           3">
  0.000000000000000E+000  0.000000000000000E+000 -1.000000000000000E+000
  0.000000000000000E+000 -1.000000000000000E+000  0.000000000000000E+000
  1.000000000000000E+000  1.000000000000000E+000  1.000000000000000E+000
        </rotation>
        <fractional_translation>
  0.000000000000000E+000  0.000000000000000E+000  0.000000000000000E+000
        </fractional_translation>
        <equivalent_atoms size="1" nat="1">
           1
        </equivalent_atoms>
      </symmetry>
      <symmetry>
        <info name="inv. 120 deg rotation - cart. axis [-1,1,-1]">crystal_symmetry</info>
        <rotation rank="2" dims="           3           3">
  1.000000000000000E+000  1.000000000000000E+000  1.000000000000000E+000
 -1.000000000000000E+000  0.000000000000000E+000  0.000000000000000E+000
  0.000000000000000E+000  0.000000000000000E+000 -1.000000000000000E+000
        </rotation>
        <fractional_translation>
  0.000000000000000E+000  0.000000000000000E+000  0.000000000000000E+000
        </fractional_translation>
        <equivalent_atoms size="1" nat="1">
           1
        </equivalent_atoms>
      </symmetry>
      <symmetry>
        <info name="inv. 120 deg rotation - cart. axis [1,-1,-1]">crystal_symmetry</info>
        <rotation rank="2" dims="           3           3">
  0.000000000000000E+000 -1.000000000000000E+000  0.000000000000000E+000
  0.000000000000000E+000  0.000000000000000E+000 -1.000000000000000E+000
 -1.000000000000000E+000  0.000000000000000E+000  0.000000000000000E+000
        </rotation>
        <fractional_translation>
  0.000000000000000E+000  0.000000000000000E+000  0.000000000000000E+000
        </fractional_translation>
        <equivalent_atoms size="1" nat="1">
           1
        </equivalent_atoms>
      </symmetry>
      <symmetry>
        <info name="inv. 120 deg rotation - cart. axis [-1,-1,1]">crystal_symmetry</info>
        <rotation rank="2" dims="           3           3">
 -1.000000000000000E+000  0.000000000000000E+000  0.000000000000000E+000
  1.000000000000000E+000  1.000000000000000E+000  1.000000000000000E+000
  0.000000000000000E+000 -1.000000000000000E+000  0.000000000000000E+000
        </rotation>
        <fractional_translation>
  0.000000000000000E+000  0.000000000000000E+000  0.000000000000000E+000
        </fractional_translation>
        <equivalent_atoms size="1" nat="1">
           1
        </equivalent_atoms>
      </symmetry>
    </symmetries>
    <basis_set>
      <gamma_only>false</gamma_only>
      <ecutwfc>3.000000000000000E+001</ecutwfc>
      <ecutrho>2.400000000000000E+002</ecutrho>
      <fft_grid nr1="27" nr2="27" nr3="27"></fft_grid>
      <fft_smooth nr1="20" nr2="20" nr3="20"></fft_smooth>
      <fft_box nr1="27" nr2="27" nr3="27"></fft_box>
      <ngm>7943</ngm>
      <ngms>2741</ngms>
      <npwx>361</npwx>
      <reciprocal_lattice>
        <b1>
 -1.000000000000000E+000 -1.000000000000000E+000  1.000000000000000E+000
        </b1>
        <b2>1.000000000000000E+000  1.000000000000000E+000  1.000000000000000E+000</b2>
        <b3>-1.000000000000000E+000  1.000000000000000E+000 -1.000000000000000E+000</b3>
      </reciprocal_lattice>
    </basis_set>
    <dft>
      <functional>PBE</functional>
    </dft>
    <magnetization>
      <lsda>false</lsda>
      <noncolin>false</noncolin>
      <spinorbit>false</spinorbit>
      <absolute>0.000000000000000E+000</absolute>
    </magnetization>
    <total_energy>
      <etot>-2.318521079851808E+001</etot>
      <eband>2.277060828655060E+000</eband>
      <ehart>1.510193484312674E-002</ehart>
      <vtxc>-2.169493550853848E+000</vtxc>
      <etxc>-3.468186436487675E+000</etxc>
      <ewald>-6.495058895189116E+000</ewald>
      <demet>3.785893087053415E-005</demet>
    </total_energy>
    <band_structure>
      <lsda>false</lsda>
      <noncolin>false</noncolin>
      <spinorbit>false</spinorbit>
      <nbnd>6</nbnd>
      <nelec>4.000000000000000E+000</nelec>
      <fermi_energy>9.126156572693670E-001</fermi_energy>
      <starting_k_points>
        <monkhorst_pack nk1="6" nk2="6" nk3="6" k1="1" k2="1" k3="1">Uniform grid with offset</monkhorst_pack>
      </starting_k_points>
      <nks>28</nks>
      <occupations_kind>smearing</occupations_kind>
      <smearing degauss="1.0000000000000000E-002">mp</smearing>
      <ks_energies>
        <k_point weight="1.8518518518518514E-002">-8.333333333333333E-002  8.333333333333333E-002  8.333333333333333E-002</k_point>
        <npw>335</npw>
        <eigenvalues size="6">
  7.089649320734462E-002  1.368674553294290E+000  1.485337670437525E+000
  1.485346525489410E+000  1.782323436077578E+000
  1.823209056208091E+000
        </eigenvalues>
        <occupations size="6">
  1.000000000000000E+000 -1.780408335804751E-086 -2.235849481790928E-086
 -2.235884051028206E-086 -3.395252219835555E-086
 -3.554865593304172E-086
        </occupations>
      </ks_energies>
      <ks_energies>
        <k_point weight="5.5555555555555539E-002">
 -2.500000000000000E-001  2.500000000000000E-001 -8.333333333333334E-002
        </k_point>
        <npw>353</npw>
        <eigenvalues size="6">
  1.356242425254769E-001  1.105379523408121E+000  1.320946046945928E+000
  1.542905948065277E+000  1.670220774862232E+000
  1.783082126367254E+000
        </eigenvalues>
        <occupations size="6">
  1.000000000000000E+000 -7.525308619276075E-087 -1.594081018656022E-086
 -2.460590282287821E-086 -2.957614637862391E-086
 -3.398214070876740E-086
        </occupations>
      </ks_energies>
      <ks_energies>
        <k_point weight="5.5555555555555539E-002">
 -4.166666666666666E-001  4.166666666666666E-001 -2.500000000000000E-001
        </k_point>
        <npw>352</npw>
        <eigenvalues size="6">
  2.924608151483667E-001  7.492655772139183E-001  1.281287307931680E+000
  1.455475192543234E+000  1.634077654010494E+000
  1.654688075687621E+000
        </eigenvalues>
        <occupations size="6">
  1.000000000000000E+000  1.000000000000000E+000 -1.439257266408434E-086
 -2.119269353578986E-086 -2.816515507448946E-086
 -2.896976533159103E-086
        </occupations>
      </ks_energies>
      <ks_energies>
        <k_point weight="5.5555555555555539E-002">
  4.166666666666666E-001 -4.166666666666666E-001  5.833333333333333E-001
        </k_point>
        <npw>354</npw>
        <eigenvalues size="6">
  4.341264295059434E-001  5.561667094260827E-001  1.310031781847767E+000
  1.375772691359271E+000  1.570591573753517E+000
  1.681708229174254E+000
        </eigenvalues>
        <occupations size="6">
  1.000000000000000E+000  1.000000000000000E+000 -1.551472818861393E-086
 -1.808118757177374E-086 -2.568672197117125E-086
 -3.002460511043608E-086
        </occupations>
      </ks_energies>
      <ks_energies>
        <k_point weight="5.5555555555555539E-002">
  2.500000000000000E-001 -2.500000000000000E-001  4.166666666666666E-001
        </k_point>
        <npw>351</npw>
        <eigenvalues size="6">
  2.306405157199721E-001  8.628604911744494E-001  1.360556749348930E+000
  1.389927694941601E+000  1.567617921663438E+000
  1.785902367247389E+000
        </eigenvalues>
        <occupations size="6">
  1.000000000000000E+000  1.000000000023899E+000 -1.748717240775749E-086
 -1.863378476022875E-086 -2.557063356646946E-086
 -3.409224009320512E-086
        </occupations>
      </ks_energies>
      <ks_energies>
        <k_point weight="5.5555555555555539E-002">
  8.333333333333326E-002 -8.333333333333326E-002  2.499999999999999E-001
        </k_point>
        <npw>345</npw>
        <eigenvalues size="6">
  1.034004628289198E-001  1.238173816851133E+000  1.402339111775547E+000
  1.449334761439871E+000  1.651090829327689E+000
  1.824617790560958E+000
        </eigenvalues>
        <occupations size="6">
  1.000000000000000E+000 -1.270946507481246E-086 -1.911831406516959E-086
 -2.095297724438207E-086 -2.882933243002963E-086
 -3.560365151380202E-086
        </occupations>
      </ks_energies>
      <ks_energies>
        <k_point weight="5.5555555555555539E-002">
 -8.333333333333331E-002  4.166666666666667E-001  8.333333333333331E-002
        </k_point>
        <npw>349</npw>
        <eigenvalues size="6">
  1.676089513095397E-001  1.122131220846820E+000  1.316264202941361E+000
  1.334104555675578E+000  1.429148258177275E+000
  1.745698742779735E+000
        </eigenvalues>
        <occupations size="6">
  1.000000000000000E+000 -8.179278139851084E-087 -1.575803567727376E-086
 -1.645450521220771E-086 -2.016491633837332E-086
 -3.252273078737497E-086
        </occupations>
      </ks_energies>
      <ks_energies>
        <k_point weight="0.11111111111111108">
 -2.499999999999999E-001  5.833333333333333E-001 -8.333333333333331E-002
        </k_point>
        <npw>348</npw>
        <eigenvalues size="6">
  2.927454081022018E-001  9.019846954557973E-001  1.102052586806195E+000
  1.256993384598118E+000  1.467907286792071E+000
  1.786395326253407E+000
        </eigenvalues>
        <occupations size="6">
  1.000000000000000E+000  1.030496736173971E+000 -7.395428340426328E-087
 -1.344416218487923E-086 -2.167803006633593E-086
 -3.411148471996660E-086
        </occupations>
      </ks_energies>
      <ks_energies>
        <k_point weight="0.11111111111111108">
  5.833333333333333E-001 -2.499999999999999E-001  7.500000000000000E-001
        </k_point>
        <npw>359</npw>
        <eigenvalues size="6">
  4.921833599938910E-001  6.110826741145927E-001  1.033442828697408E+000
  1.215057039587550E+000  1.546806134245782E+000
  1.779063241154807E+000
        </eigenvalues>
        <occupations size="6">
  1.000000000000000E+000  1.000000000000000E+000 -1.336723413459935E-063
 -1.180700920133301E-086 -2.475816219217210E-086
 -3.382524744793530E-086
        </occupations>
      </ks_energies>
      <ks_energies>
        <k_point weight="0.11111111111111108">
  4.166666666666667E-001 -8.333333333333331E-002  5.833333333333333E-001
        </k_point>
        <npw>352</npw>
        <eigenvalues size="6">
  3.533637004008596E-001  7.904207920753696E-001  1.017321025505745E+000
  1.297861688670573E+000  1.662019113203777E+000
  1.684890384365305E+000
        </eigenvalues>
        <occupations size="6">
  1.000000000000000E+000  1.000000000000000E+000 -7.141154187614551E-048
 -1.503961991797045E-086 -2.925596170705101E-086
 -3.014883326774982E-086
        </occupations>
      </ks_energies>
      <ks_energies>
        <k_point weight="0.11111111111111108">
  2.499999999999999E-001  8.333333333333343E-002  4.166666666666666E-001
        </k_point>
        <npw>347</npw>
        <eigenvalues size="6">
  1.992705512084369E-001  9.906237138982958E-001  1.215973987046556E+000
  1.446992504677438E+000  1.544320607226948E+000
  1.822001427547583E+000
        </eigenvalues>
        <occupations size="6">
  1.000000000000000E+000 -8.080936364698209E-027 -1.184280591341864E-086
 -2.086153788203705E-086 -2.466112970225093E-086
 -3.550151131745666E-086
        </occupations>
      </ks_energies>
      <ks_energies>
        <k_point weight="5.5555555555555539E-002">
 -8.333333333333331E-002  7.500000000000000E-001  8.333333333333331E-002
        </k_point>
        <npw>348</npw>
        <eigenvalues size="6">
  3.839744669061783E-001  9.110500195692618E-001  9.818974254282611E-001
  1.203912099877273E+000  1.248410798037003E+000
  1.613737764179315E+000
        </eigenvalues>
        <occupations size="6">
  1.000000000000000E+000  6.307115727113802E-001 -2.728901045192067E-021
 -1.137192189714558E-086 -1.310910658593438E-086
 -2.737110611019071E-086
        </occupations>
      </ks_energies>
      <ks_energies>
        <k_point weight="0.11111111111111108">
  7.500000000000000E-001 -8.333333333333331E-002  9.166666666666665E-001
        </k_point>
        <npw>357</npw>
        <eigenvalues size="6">
  5.535919292377142E-001  7.370011733449932E-001  8.367165246183174E-001
  1.112075910051370E+000  1.387992358682477E+000
  1.712674955527578E+000
        </eigenvalues>
        <occupations size="6">
  1.000000000000000E+000  1.000000000000000E+000  1.000000000000000E+000
 -7.786728859147027E-087 -1.855823116751600E-086
 -3.123351514842884E-086
        </occupations>
      </ks_energies>
      <ks_energies>
        <k_point weight="0.11111111111111108">
  5.833333333333333E-001  8.333333333333331E-002  7.500000000000000E-001
        </k_point>
        <npw>361</npw>
        <eigenvalues size="6">
  5.496195282153142E-001  6.535264653498554E-001  8.689462862163031E-001
  1.175763407247909E+000  1.519925806243679E+000
  1.884152433670705E+000
        </eigenvalues>
        <occupations size="6">
  1.000000000000000E+000  1.000000000000000E+000  1.000000006105327E+000
 -1.027302507842006E-086 -2.370878106045322E-086
 -3.792782446132331E-086
        </occupations>
      </ks_energies>
      <ks_energies>
        <k_point weight="0.11111111111111108">
  4.166666666666666E-001  2.500000000000001E-001  5.833333333333333E-001
        </k_point>
        <npw>356</npw>
        <eigenvalues size="6">
  3.824211076491940E-001  6.628850628839625E-001  1.181741313612089E+000
  1.323610011915793E+000  1.595435388131318E+000
  1.687577832472568E+000
        </eigenvalues>
        <occupations size="6">
  1.000000000000000E+000  1.000000000000000E+000 -1.050639656649350E-086
 -1.604480871569715E-086 -2.665659964699246E-086
 -3.025374855509360E-086
        </occupations>
      </ks_energies>
      <ks_energies>
        <k_point weight="5.5555555555555539E-002">
 -8.333333333333331E-002 -9.166666666666665E-001  8.333333333333331E-002
        </k_point>
        <npw>352</npw>
        <eigenvalues size="6">
  5.261985092424456E-001  7.263749849039927E-001  9.459451834819854E-001
  1.181572633893838E+000  1.219796677891205E+000
  1.583315103339300E+000
        </eigenvalues>
        <occupations size="6">
  1.000000000000000E+000  1.000000000000000E+000 -1.286999515956677E-005
 -1.049981147892976E-086 -1.199203994227628E-086
 -2.618343584591058E-086
        </occupations>
      </ks_energies>
      <ks_energies>
        <k_point weight="0.11111111111111108">
 -2.499999999999999E-001 -7.500000000000000E-001 -8.333333333333331E-002
        </k_point>
        <npw>350</npw>
        <eigenvalues size="6">
  4.134019681419631E-001  8.366912191703031E-001  9.436199027580623E-001
  1.151245758978590E+000  1.414911315091081E+000
  1.738362909387837E+000
        </eigenvalues>
        <occupations size="6">
  1.000000000000000E+000  1.000000000000000E+000 -5.268459550232809E-005
 -9.315880601390980E-087 -1.960912031360610E-086
 -3.223634718572068E-086
        </occupations>
      </ks_energies>
      <ks_energies>
        <k_point weight="5.5555555555555539E-002">
 -8.333333333333331E-002 -5.833333333333333E-001  8.333333333333331E-002
        </k_point>
        <npw>348</npw>
        <eigenvalues size="6">
  2.619626110669895E-001  1.029878604238476E+000  1.138495456245896E+000
  1.248883600303298E+000  1.308199279276045E+000
  1.670641151761285E+000
        </eigenvalues>
        <occupations size="6">
  1.000000000000000E+000 -6.285008760645360E-060 -8.818121529762602E-087
 -1.312756431372868E-086 -1.544318912024984E-086
 -2.959255747249308E-086
        </occupations>
      </ks_energies>
      <ks_energies>
        <k_point weight="1.8518518518518514E-002">
 -2.500000000000000E-001  2.500000000000000E-001  2.500000000000000E-001
        </k_point>
        <npw>350</npw>
        <eigenvalues size="6">
  1.675705539042335E-001  9.768786453940013E-001  1.448076935229877E+000
  1.448078631478805E+000  1.724950426398657E+000
  1.725208460521701E+000
        </eigenvalues>
        <occupations size="6">
  1.000000000000000E+000 -2.054185347825331E-018 -2.090387296664983E-086
 -2.090393918651216E-086 -3.171273725889073E-086
 -3.172281065308593E-086
        </occupations>
      </ks_energies>
      <ks_energies>
        <k_point weight="5.5555555555555539E-002">
 -4.166666666666666E-001  4.166666666666666E-001  8.333333333333337E-002
        </k_point>
        <npw>353</npw>
        <eigenvalues size="6">
  2.617681453992772E-001  8.770313115796253E-001  1.111098170862891E+000
  1.463278431360277E+000  1.642745204461583E+000
  1.684932655431120E+000
        </eigenvalues>
        <occupations size="6">
  1.000000000000000E+000  1.000002937734984E+000 -7.748558898719047E-087
 -2.149732417795542E-086 -2.850352757875661E-086
 -3.015048348789895E-086
        </occupations>
      </ks_energies>
      <ks_energies>
        <k_point weight="5.5555555555555539E-002">
  4.166666666666666E-001 -4.166666666666666E-001  9.166666666666666E-001
        </k_point>
        <npw>358</npw>
        <eigenvalues size="6">
  4.414768238300650E-001  7.058983387807866E-001  9.358225118851750E-001
  1.321459483195060E+000  1.480863938619760E+000
  1.864471422732206E+000
        </eigenvalues>
        <occupations size="6">
  1.000000000000000E+000  1.000000000000000E+000 -2.484268550990945E-003
 -1.596085422442084E-086 -2.218384480033635E-086
 -3.715949747028365E-086
        </occupations>
      </ks_energies>
      <ks_energies>
        <k_point weight="5.5555555555555539E-002">
  2.500000000000000E-001 -2.500000000000000E-001  7.500000000000000E-001
        </k_point>
        <npw>354</npw>
        <eigenvalues size="6">
  4.417763742185542E-001  7.139029153687008E-001  9.943250462146910E-001
  1.249526168567674E+000  1.378891812085888E+000
  1.869199097010823E+000
        </eigenvalues>
        <occupations size="6">
  1.000000000000000E+000  1.000000000000000E+000 -2.295193144757991E-029
 -1.315264953636525E-086 -1.820295492661439E-086
 -3.734406114765044E-086
        </occupations>
      </ks_energies>
      <ks_energies>
        <k_point weight="5.5555555555555539E-002">
 -2.500000000000000E-001  5.833333333333333E-001  2.500000000000000E-001
        </k_point>
        <npw>352</npw>
        <eigenvalues size="6">
  3.231250191412283E-001  7.748242112643619E-001  1.197887800812206E+000
  1.293741619372845E+000  1.451489237697083E+000
  1.865099367126563E+000
        </eigenvalues>
        <occupations size="6">
  1.000000000000000E+000  1.000000000000000E+000 -1.113673928441040E-086
 -1.487877653160732E-086 -2.103708584353600E-086
 -3.718401179165487E-086
        </occupations>
      </ks_energies>
      <ks_energies>
        <k_point weight="0.11111111111111108">
  5.833333333333333E-001 -2.500000000000000E-001  1.083333333333333E+000
        </k_point>
        <npw>358</npw>
        <eigenvalues size="6">
  4.708028952684838E-001  7.316484596405689E-001  9.216054236434997E-001
  1.126712341699125E+000  1.639246237665262E+000
  1.761429063658571E+000
        </eigenvalues>
        <occupations size="6">
  1.000000000000000E+000  1.000000000000000E+000 -1.121941031250560E-002
 -8.358120517970769E-087 -2.836693141310405E-086
 -3.313682678816940E-086
        </occupations>
      </ks_energies>
      <ks_energies>
        <k_point weight="0.11111111111111108">
  4.166666666666666E-001 -8.333333333333337E-002  9.166666666666666E-001
        </k_point>
        <npw>359</npw>
        <eigenvalues size="6">
  6.046100016437228E-001  6.953301903004672E-001  8.015831054285252E-001
  1.041891346329188E+000  1.615166646130934E+000
  1.866645094439024E+000
        </eigenvalues>
        <occupations size="6">
  1.000000000000000E+000  1.000000000000000E+000  1.000000000000000E+000
 -9.530910246563333E-073 -2.742688823306382E-086
 -3.724435544059962E-086
        </occupations>
      </ks_energies>
      <ks_energies>
        <k_point weight="5.5555555555555539E-002">
 -2.500000000000000E-001 -1.083333333333333E+000  2.500000000000000E-001
        </k_point>
        <npw>360</npw>
        <eigenvalues size="6">
  5.763708787360039E-001  6.714900723066872E-001  8.264073740760103E-001
  1.227643878693610E+000  1.342876611998965E+000
  1.846599203419612E+000
        </eigenvalues>
        <occupations size="6">
  1.000000000000000E+000  1.000000000000000E+000  1.000000000000000E+000
 -1.229838681639959E-086 -1.679695752125014E-086
 -3.646178389598833E-086
        </occupations>
      </ks_energies>
      <ks_energies>
        <k_point weight="1.8518518518518514E-002">
 -4.166666666666666E-001  4.166666666666666E-001  4.166666666666666E-001
        </k_point>
        <npw>353</npw>
        <eigenvalues size="6">
  3.524037040543903E-001  6.359297786405094E-001  1.421584478245085E+000
  1.421586249831037E+000  1.631091809265370E+000
  1.631200333003004E+000
        </eigenvalues>
        <occupations size="6">
  1.000000000000000E+000  1.000000000000000E+000 -1.986963393167452E-086
 -1.986970309261894E-086 -2.804859068072425E-086
 -2.805282733894537E-086
        </occupations>
      </ks_energies>
      <ks_energies>
        <k_point weight="5.5555555555555539E-002">
  4.166666666666666E-001 -4.166666666666666E-001  1.250000000000000E+000
        </k_point>
        <npw>359</npw>
        <eigenvalues size="6">
  4.631894978472405E-001  5.840700990541842E-001  1.112290286481493E+000
  1.340061055843181E+000  1.512850998566564E+000
  1.765794912826254E+000
        </eigenvalues>
        <occupations size="6">
  1.000000000000000E+000  1.000000000000000E+000 -7.795097900657197E-087
 -1.668704102376752E-086 -2.343258764174479E-086
 -3.330726517493830E-086
        </occupations>
      </ks_energies>
    </band_structure>
  </output>
  <exit_status>0</exit_status>
  <timing_info>
    <total label="PWSCF">
      <cpu>1.681080000000000E+000</cpu>
      <wall>2.218006134033203E+000</wall>
    </total>
    <partial label="init_run" calls="1">
      <cpu>7.581390000000000E-001</cpu>
      <wall>7.666368484497070E-001</wall>
    </partial>
    <partial label="hinit0" calls="1">
      <cpu>3.057740000000000E-001</cpu>
      <wall>3.057749271392822E-001</wall>
    </partial>
    <partial label="init_vloc" calls="1">
      <cpu>2.207800000000001E-002</cpu>
      <wall>2.207994461059570E-002</wall>
    </partial>
    <partial label="init_us_1" calls="1">
      <cpu>1.569020000000000E-001</cpu>
      <wall>1.569027900695801E-001</wall>
    </partial>
    <partial label="fft" calls="51">
      <cpu>6.826199999999938E-002</cpu>
      <wall>6.826329231262207E-002</wall>
    </partial>
    <partial label="potinit" calls="1">
      <cpu>2.999840000000000E-001</cpu>
      <wall>3.053300380706787E-001</wall>
    </partial>
    <partial label="PAW_symme" calls="8">
      <cpu>1.676000000000011E-003</cpu>
      <wall>1.685857772827148E-003</wall>
    </partial>
    <partial label="v_of_rho" calls="4">
      <cpu>2.288999999999985E-002</cpu>
      <wall>2.289104461669922E-002</wall>
    </partial>
    <partial label="v_xc" calls="4">
      <cpu>2.184499999999967E-002</cpu>
      <wall>2.184510231018066E-002</wall>
    </partial>
    <partial label="v_h" calls="4">
      <cpu>1.025999999999971E-003</cpu>
      <wall>1.026630401611328E-003</wall>
    </partial>
    <partial label="PAW_pot" calls="4">
      <cpu>5.910010000000003E-001</cpu>
      <wall>6.003658771514893E-001</wall>
    </partial>
    <partial label="interpolate" calls="4">
      <cpu>1.070599999999999E-001</cpu>
      <wall>1.070818901062012E-001</wall>
    </partial>
    <partial label="ffts" calls="8">
      <cpu>1.061399999999999E-001</cpu>
      <wall>1.061661243438721E-001</wall>
    </partial>
    <partial label="newd" calls="4">
      <cpu>6.292999999999993E-002</cpu>
      <wall>6.293892860412598E-002</wall>
    </partial>
    <partial label="wfcinit" calls="1">
      <cpu>1.275780000000000E-001</cpu>
      <wall>1.301760673522949E-001</wall>
    </partial>
    <partial label="init_us_2" calls="252">
      <cpu>1.675899999999975E-002</cpu>
      <wall>1.768875122070312E-002</wall>
    </partial>
    <partial label="wfcinit:atom" calls="28">
      <cpu>8.420000000002315E-004</cpu>
      <wall>8.425712585449219E-004</wall>
    </partial>
    <partial label="atomic_wfc" calls="28">
      <cpu>8.020000000000804E-004</cpu>
      <wall>8.006095886230469E-004</wall>
    </partial>
    <partial label="wfcinit:wfcr" calls="28">
      <cpu>1.238770000000002E-001</cpu>
      <wall>1.238770484924316E-001</wall>
    </partial>
    <partial label="wfcrot" calls="28">
      <cpu>1.238270000000002E-001</cpu>
      <wall>1.238272190093994E-001</wall>
    </partial>
    <partial label="rotwfck" calls="28">
      <cpu>1.237770000000002E-001</cpu>
      <wall>1.237795352935791E-001</wall>
    </partial>
    <partial label="rotwfck:hpsi" calls="28">
      <cpu>1.199120000000000E-001</cpu>
      <wall>1.199126243591309E-001</wall>
    </partial>
    <partial label="h_psi_bgrp" calls="480">
      <cpu>2.510780000000021E-001</cpu>
      <wall>2.655003070831299E-001</wall>
    </partial>
    <partial label="h_psi" calls="480">
      <cpu>2.503919999999984E-001</cpu>
      <wall>2.647480964660645E-001</wall>
    </partial>
    <partial label="h_psi:pot" calls="480">
      <cpu>2.486660000000014E-001</cpu>
      <wall>2.628262042999268E-001</wall>
    </partial>
    <partial label="vloc_psi" calls="480">
      <cpu>2.105829999999969E-001</cpu>
      <wall>2.209026813507080E-001</wall>
    </partial>
    <partial label="fftw" calls="4862">
      <cpu>1.876429999999847E-001</cpu>
      <wall>1.948230266571045E-001</wall>
    </partial>
    <partial label="h_psi:calbec" calls="480">
      <cpu>1.790999999999743E-002</cpu>
      <wall>1.977944374084473E-002</wall>
    </partial>
    <partial label="calbec" calls="592">
      <cpu>2.303699999999398E-002</cpu>
      <wall>2.490901947021484E-002</wall>
    </partial>
    <partial label="add_vuspsi" calls="480">
      <cpu>1.873999999999754E-002</cpu>
      <wall>2.060437202453613E-002</wall>
    </partial>
    <partial label="rotwfck:hc" calls="28">
      <cpu>2.729000000000092E-003</cpu>
      <wall>2.729177474975586E-003</wall>
    </partial>
    <partial label="s_psi_bgrp" calls="480">
      <cpu>2.014299999999669E-002</cpu>
      <wall>2.212190628051758E-002</wall>
    </partial>
    <partial label="s_psi" calls="480">
      <cpu>1.913700000000018E-002</cpu>
      <wall>2.100062370300293E-002</wall>
    </partial>
    <partial label="rotwfck:diag" calls="28">
      <cpu>4.169999999995566E-004</cpu>
      <wall>4.208087921142578E-004</wall>
    </partial>
    <partial label="cdiaghg" calls="424">
      <cpu>1.316700000000037E-002</cpu>
      <wall>1.476120948791504E-002</wall>
    </partial>
    <partial label="rotwfck:evc" calls="28">
      <cpu>6.039999999993828E-004</cpu>
      <wall>6.072521209716797E-004</wall>
    </partial>
    <partial label="electrons" calls="1">
      <cpu>8.498439999999999E-001</cpu>
      <wall>1.205400943756104E+000</wall>
    </partial>
    <partial label="c_bands" calls="4">
      <cpu>2.540910000000001E-001</cpu>
      <wall>5.680470466613770E-001</wall>
    </partial>
    <partial label="cegterg" calls="112">
      <cpu>2.160130000000007E-001</cpu>
      <wall>2.396209239959717E-001</wall>
    </partial>
    <partial label="cegterg:init" calls="112">
      <cpu>4.440999999999473E-003</cpu>
      <wall>4.960060119628906E-003</wall>
    </partial>
    <partial label="cegterg:upda" calls="340">
      <cpu>8.233999999999631E-003</cpu>
      <wall>9.140729904174805E-003</wall>
    </partial>
    <partial label="g_psi" calls="340">
      <cpu>3.742999999997609E-003</cpu>
      <wall>4.127979278564453E-003</wall>
    </partial>
    <partial label="cegterg:over" calls="340">
      <cpu>1.358699999999891E-002</cpu>
      <wall>1.503825187683105E-002</wall>
    </partial>
    <partial label="cegterg:diag" calls="396">
      <cpu>1.336700000000035E-002</cpu>
      <wall>1.504540443420410E-002</wall>
    </partial>
    <partial label="cegterg:last" calls="255">
      <cpu>1.771600000000073E-002</cpu>
      <wall>1.948189735412598E-002</wall>
    </partial>
    <partial label="sum_band" calls="4">
      <cpu>1.034779999999997E-001</cpu>
      <wall>1.038696765899658E-001</wall>
    </partial>
    <partial label="sum_band:wei" calls="4">
      <cpu>2.889999999997617E-004</cpu>
      <wall>2.999305725097656E-004</wall>
    </partial>
    <partial label="sum_band:loo" calls="4">
      <cpu>3.090700000000002E-002</cpu>
      <wall>3.126001358032227E-002</wall>
    </partial>
    <partial label="sum_band:buf" calls="112">
      <cpu>3.540000000004095E-004</cpu>
      <wall>3.473758697509766E-004</wall>
    </partial>
    <partial label="sum_band:ini" calls="112">
      <cpu>7.611000000000923E-003</cpu>
      <wall>7.707118988037109E-003</wall>
    </partial>
    <partial label="sum_band:cal" calls="112">
      <cpu>6.044000000001493E-003</cpu>
      <wall>6.098031997680664E-003</wall>
    </partial>
    <partial label="sum_band:bec" calls="112">
      <cpu>3.900000000012227E-004</cpu>
      <wall>4.074573516845703E-004</wall>
    </partial>
    <partial label="addusdens" calls="4">
      <cpu>6.821700000000019E-002</cpu>
      <wall>6.825113296508789E-002</wall>
    </partial>
    <partial label="addusd:skk" calls="4">
      <cpu>1.670000000002503E-004</cpu>
      <wall>1.668930053710938E-004</wall>
    </partial>
    <partial label="sum_band:sym" calls="4">
      <cpu>2.920000000000034E-003</cpu>
      <wall>2.921581268310547E-003</wall>
    </partial>
    <partial label="mix_rho" calls="4">
      <cpu>1.188999999999885E-003</cpu>
      <wall>1.188993453979492E-003</wall>
    </partial>
    <partial label="high_freq_mi" calls="2">
      <cpu>4.940000000002165E-004</cpu>
      <wall>4.930496215820312E-004</wall>
    </partial>
    <partial label="ions" calls="1">
      <cpu>2.000000000057511E-006</cpu>
      <wall>9.536743164062500E-007</wall>
    </partial>
  </timing_info>
  <closed DATE="21 Apr 2025" TIME="22:47: 3"></closed>
</qes:espresso>
