<?xml version="1.0" encoding="UTF-8"?>
<qes:espresso xmlns:xsi="http://www.w3.org/2001/XMLSchema-instance" xmlns:qes="http://www.quantum-espresso.org/ns/qes/qes-1.0" xsi:schemaLocation="http://www.quantum-espresso.org/ns/qes/qes-1.0 http://www.quantum-espresso.org/ns/qes/qes_250412.xsd" Units="Hartree atomic units">
<!-- All quantities are in Hartree atomic units unless otherwise specified -->
  <general_info>
    <xml_format NAME="QEXSD" VERSION="24.11.04">QEXSD_24.11.04</xml_format>
    <creator NAME="PWSCF" VERSION="7.4.1">XML file generated by PWSCF</creator>
    <created DATE="21Apr2025" TIME="23:43:19">This run was terminated on:  23:43:19  21 Apr 2025</created>
    <job></job>
  </general_info>
  <parallel_info>
    <nprocs>1</nprocs>
    <nthreads>1</nthreads>
    <ntasks>1</ntasks>
    <nbgrp>1</nbgrp>
    <npool>1</npool>
    <ndiag>1</ndiag>
  </parallel_info>
  <input>
    <control_variables>
      <title></title>
      <calculation>scf</calculation>
      <restart_mode>from_scratch</restart_mode>
      <prefix>ni</prefix>
      <pseudo_dir>../../pseudopotentials/</pseudo_dir>
      <outdir>./tmp</outdir>
      <stress>false</stress>
      <forces>false</forces>
      <wf_collect>true</wf_collect>
      <disk_io>low</disk_io>
      <max_seconds>10000000</max_seconds>
      <nstep>1</nstep>
      <etot_conv_thr>5.000000000000000E-005</etot_conv_thr>
      <forc_conv_thr>5.000000000000000E-004</forc_conv_thr>
      <press_conv_thr>5.000000000000000E-001</press_conv_thr>
      <verbosity>low</verbosity>
      <print_every>100000</print_every>
      <fcp>false</fcp>
      <rism>false</rism>
    </control_variables>
    <atomic_species ntyp="1">
      <species name="Ni">
        <mass>5.869340000000000E+001</mass>
        <pseudo_file>Ni.pbesol-spn-kjpaw_psl.1.0.0.UPF</pseudo_file>
      </species>
    </atomic_species>
    <atomic_structure nat="1" alat="3.6608000000000001" bravais_index="2">
      <atomic_positions>
        <atom name="Ni" index="1">0.000000000000000E+000  0.000000000000000E+000  0.000000000000000E+000</atom>
      </atomic_positions>
      <cell>
        <a1>-1.830400000000000E+000  0.000000000000000E+000  1.830400000000000E+000</a1>
        <a2>0.000000000000000E+000  1.830400000000000E+000  1.830400000000000E+000</a2>
        <a3>-1.830400000000000E+000  1.830400000000000E+000  0.000000000000000E+000</a3>
      </cell>
    </atomic_structure>
    <dft>
      <functional>PBESOL</functional>
    </dft>
    <spin>
      <lsda>false</lsda>
      <noncolin>false</noncolin>
      <spinorbit>false</spinorbit>
    </spin>
    <bands>
      <smearing degauss="1.0000000000000000E-002">mp</smearing>
      <tot_charge>0.000000000000000E+000</tot_charge>
      <occupations>smearing</occupations>
    </bands>
    <basis>
      <gamma_only>false</gamma_only>
      <ecutwfc>3.000000000000000E+001</ecutwfc>
      <ecutrho>2.400000000000000E+002</ecutrho>
    </basis>
    <electron_control>
      <diagonalization>davidson</diagonalization>
      <mixing_mode>plain</mixing_mode>
      <mixing_beta>7.000000000000000E-001</mixing_beta>
      <conv_thr>5.000000000000000E-007</conv_thr>
      <mixing_ndim>8</mixing_ndim>
      <max_nstep>100</max_nstep>
      <exx_nstep>100</exx_nstep>
      <real_space_q>false</real_space_q>
      <real_space_beta>false</real_space_beta>
      <tq_smoothing>false</tq_smoothing>
      <tbeta_smoothing>false</tbeta_smoothing>
      <diago_thr_init>0.000000000000000E+000</diago_thr_init>
      <diago_full_acc>false</diago_full_acc>
      <diago_cg_maxiter>20</diago_cg_maxiter>
      <diago_rmm_ndim>4</diago_rmm_ndim>
      <diago_gs_nblock>16</diago_gs_nblock>
      <diago_rmm_conv>false</diago_rmm_conv>
    </electron_control>
    <k_points_IBZ>
      <monkhorst_pack nk1="6" nk2="6" nk3="6" k1="1" k2="1" k3="1">Uniform grid with offset</monkhorst_pack>
    </k_points_IBZ>
    <ion_control>
      <ion_dynamics>none</ion_dynamics>
      <upscale>1.000000000000000E+002</upscale>
      <remove_rigid_rot>false</remove_rigid_rot>
      <refold_pos>false</refold_pos>
    </ion_control>
    <cell_control>
      <cell_dynamics>none</cell_dynamics>
      <pressure>0.000000000000000E+000</pressure>
      <wmass>0.000000000000000E+000</wmass>
      <cell_do_free>all</cell_do_free>
    </cell_control>
    <symmetry_flags>
      <nosym>false</nosym>
      <nosym_evc>false</nosym_evc>
      <noinv>false</noinv>
      <no_t_rev>false</no_t_rev>
      <force_symmorphic>false</force_symmorphic>
      <use_all_frac>false</use_all_frac>
    </symmetry_flags>
    <free_positions rank="2" dims="           3           1">
           1           1           1
    </free_positions>
    <twoch_>
      <twochem>false</twochem>
      <nbnd_cond>0</nbnd_cond>
      <degauss_cond>0.000000000000000E+000</degauss_cond>
      <nelec_cond>0.000000000000000E+000</nelec_cond>
    </twoch_>
  </input>
  <output>
    <convergence_info>
      <scf_conv>
        <convergence_achieved>true</convergence_achieved>
        <n_scf_steps>5</n_scf_steps>
        <scf_error>5.911822816774402E-008</scf_error>
      </scf_conv>
      <wf_collected>true</wf_collected>
    </convergence_info>
    <algorithmic_info>
      <real_space_q>false</real_space_q>
      <real_space_beta>false</real_space_beta>
      <uspp>true</uspp>
      <paw>true</paw>
    </algorithmic_info>
    <atomic_species ntyp="1" pseudo_dir="../../pseudopotentials/">
      <species name="Ni">
        <mass>5.869340000000000E+001</mass>
        <pseudo_file>Ni.pbesol-spn-kjpaw_psl.1.0.0.UPF</pseudo_file>
      </species>
    </atomic_species>
    <atomic_structure nat="1" num_of_atomic_wfc="10" alat="3.6608000000000001" bravais_index="2">
      <atomic_positions>
        <atom name="Ni" index="1">
  0.000000000000000E+000  0.000000000000000E+000  0.000000000000000E+000
        </atom>
      </atomic_positions>
      <cell>
        <a1>-1.830400000000000E+000  0.000000000000000E+000  1.830400000000000E+000</a1>
        <a2>0.000000000000000E+000  1.830400000000000E+000  1.830400000000000E+000</a2>
        <a3>-1.830400000000000E+000  1.830400000000000E+000  0.000000000000000E+000</a3>
      </cell>
    </atomic_structure>
    <symmetries>
      <nsym>48</nsym>
      <colin_mag>-1</colin_mag>
      <nrot>48</nrot>
      <space_group>0</space_group>
      <symmetry>
        <info name="identity">crystal_symmetry</info>
        <rotation rank="2" dims="           3           3">
  1.000000000000000E+000  0.000000000000000E+000  0.000000000000000E+000
  0.000000000000000E+000  1.000000000000000E+000  0.000000000000000E+000
  0.000000000000000E+000  0.000000000000000E+000  1.000000000000000E+000
        </rotation>
        <fractional_translation>
  0.000000000000000E+000  0.000000000000000E+000  0.000000000000000E+000
        </fractional_translation>
        <equivalent_atoms size="1" nat="1">
           1
        </equivalent_atoms>
      </symmetry>
      <symmetry>
        <info name="180 deg rotation - cart. axis [0,0,1]">crystal_symmetry</info>
        <rotation rank="2" dims="           3           3">
  0.000000000000000E+000  1.000000000000000E+000  0.000000000000000E+000
  1.000000000000000E+000  0.000000000000000E+000  0.000000000000000E+000
 -1.000000000000000E+000 -1.000000000000000E+000 -1.000000000000000E+000
        </rotation>
        <fractional_translation>
  0.000000000000000E+000  0.000000000000000E+000  0.000000000000000E+000
        </fractional_translation>
        <equivalent_atoms size="1" nat="1">
           1
        </equivalent_atoms>
      </symmetry>
      <symmetry>
        <info name="180 deg rotation - cart. axis [0,1,0]">crystal_symmetry</info>
        <rotation rank="2" dims="           3           3">
 -1.000000000000000E+000 -1.000000000000000E+000 -1.000000000000000E+000
  0.000000000000000E+000  0.000000000000000E+000  1.000000000000000E+000
  0.000000000000000E+000  1.000000000000000E+000  0.000000000000000E+000
        </rotation>
        <fractional_translation>
  0.000000000000000E+000  0.000000000000000E+000  0.000000000000000E+000
        </fractional_translation>
        <equivalent_atoms size="1" nat="1">
           1
        </equivalent_atoms>
      </symmetry>
      <symmetry>
        <info name="180 deg rotation - cart. axis [1,0,0]">crystal_symmetry</info>
        <rotation rank="2" dims="           3           3">
  0.000000000000000E+000  0.000000000000000E+000  1.000000000000000E+000
 -1.000000000000000E+000 -1.000000000000000E+000 -1.000000000000000E+000
  1.000000000000000E+000  0.000000000000000E+000  0.000000000000000E+000
        </rotation>
        <fractional_translation>
  0.000000000000000E+000  0.000000000000000E+000  0.000000000000000E+000
        </fractional_translation>
        <equivalent_atoms size="1" nat="1">
           1
        </equivalent_atoms>
      </symmetry>
      <symmetry>
        <info name="180 deg rotation - cart. axis [1,1,0]">crystal_symmetry</info>
        <rotation rank="2" dims="           3           3">
  0.000000000000000E+000 -1.000000000000000E+000  0.000000000000000E+000
 -1.000000000000000E+000  0.000000000000000E+000  0.000000000000000E+000
  0.000000000000000E+000  0.000000000000000E+000 -1.000000000000000E+000
        </rotation>
        <fractional_translation>
  0.000000000000000E+000  0.000000000000000E+000  0.000000000000000E+000
        </fractional_translation>
        <equivalent_atoms size="1" nat="1">
           1
        </equivalent_atoms>
      </symmetry>
      <symmetry>
        <info name="180 deg rotation - cart. axis [1,-1,0]">crystal_symmetry</info>
        <rotation rank="2" dims="           3           3">
 -1.000000000000000E+000  0.000000000000000E+000  0.000000000000000E+000
  0.000000000000000E+000 -1.000000000000000E+000  0.000000000000000E+000
  1.000000000000000E+000  1.000000000000000E+000  1.000000000000000E+000
        </rotation>
        <fractional_translation>
  0.000000000000000E+000  0.000000000000000E+000  0.000000000000000E+000
        </fractional_translation>
        <equivalent_atoms size="1" nat="1">
           1
        </equivalent_atoms>
      </symmetry>
      <symmetry>
        <info name=" 90 deg rotation - cart. axis [0,0,-1]">crystal_symmetry</info>
        <rotation rank="2" dims="           3           3">
  0.000000000000000E+000  0.000000000000000E+000 -1.000000000000000E+000
  1.000000000000000E+000  1.000000000000000E+000  1.000000000000000E+000
  0.000000000000000E+000 -1.000000000000000E+000  0.000000000000000E+000
        </rotation>
        <fractional_translation>
  0.000000000000000E+000  0.000000000000000E+000  0.000000000000000E+000
        </fractional_translation>
        <equivalent_atoms size="1" nat="1">
           1
        </equivalent_atoms>
      </symmetry>
      <symmetry>
        <info name=" 90 deg rotation - cart. axis [0,0,1]">crystal_symmetry</info>
        <rotation rank="2" dims="           3           3">
  1.000000000000000E+000  1.000000000000000E+000  1.000000000000000E+000
  0.000000000000000E+000  0.000000000000000E+000 -1.000000000000000E+000
 -1.000000000000000E+000  0.000000000000000E+000  0.000000000000000E+000
        </rotation>
        <fractional_translation>
  0.000000000000000E+000  0.000000000000000E+000  0.000000000000000E+000
        </fractional_translation>
        <equivalent_atoms size="1" nat="1">
           1
        </equivalent_atoms>
      </symmetry>
      <symmetry>
        <info name="180 deg rotation - cart. axis [1,0,1]">crystal_symmetry</info>
        <rotation rank="2" dims="           3           3">
 -1.000000000000000E+000  0.000000000000000E+000  0.000000000000000E+000
  0.000000000000000E+000  0.000000000000000E+000 -1.000000000000000E+000
  0.000000000000000E+000 -1.000000000000000E+000  0.000000000000000E+000
        </rotation>
        <fractional_translation>
  0.000000000000000E+000  0.000000000000000E+000  0.000000000000000E+000
        </fractional_translation>
        <equivalent_atoms size="1" nat="1">
           1
        </equivalent_atoms>
      </symmetry>
      <symmetry>
        <info name="180 deg rotation - cart. axis [-1,0,1]">crystal_symmetry</info>
        <rotation rank="2" dims="           3           3">
  1.000000000000000E+000  1.000000000000000E+000  1.000000000000000E+000
  0.000000000000000E+000 -1.000000000000000E+000  0.000000000000000E+000
  0.000000000000000E+000  0.000000000000000E+000 -1.000000000000000E+000
        </rotation>
        <fractional_translation>
  0.000000000000000E+000  0.000000000000000E+000  0.000000000000000E+000
        </fractional_translation>
        <equivalent_atoms size="1" nat="1">
           1
        </equivalent_atoms>
      </symmetry>
      <symmetry>
        <info name=" 90 deg rotation - cart. axis [0,1,0]">crystal_symmetry</info>
        <rotation rank="2" dims="           3           3">
  0.000000000000000E+000 -1.000000000000000E+000  0.000000000000000E+000
  1.000000000000000E+000  1.000000000000000E+000  1.000000000000000E+000
 -1.000000000000000E+000  0.000000000000000E+000  0.000000000000000E+000
        </rotation>
        <fractional_translation>
  0.000000000000000E+000  0.000000000000000E+000  0.000000000000000E+000
        </fractional_translation>
        <equivalent_atoms size="1" nat="1">
           1
        </equivalent_atoms>
      </symmetry>
      <symmetry>
        <info name=" 90 deg rotation - cart. axis [0,-1,0]">crystal_symmetry</info>
        <rotation rank="2" dims="           3           3">
  0.000000000000000E+000  0.000000000000000E+000 -1.000000000000000E+000
 -1.000000000000000E+000  0.000000000000000E+000  0.000000000000000E+000
  1.000000000000000E+000  1.000000000000000E+000  1.000000000000000E+000
        </rotation>
        <fractional_translation>
  0.000000000000000E+000  0.000000000000000E+000  0.000000000000000E+000
        </fractional_translation>
        <equivalent_atoms size="1" nat="1">
           1
        </equivalent_atoms>
      </symmetry>
      <symmetry>
        <info name="180 deg rotation - cart. axis [0,1,1]">crystal_symmetry</info>
        <rotation rank="2" dims="           3           3">
 -1.000000000000000E+000  0.000000000000000E+000  0.000000000000000E+000
  1.000000000000000E+000  1.000000000000000E+000  1.000000000000000E+000
  0.000000000000000E+000  0.000000000000000E+000 -1.000000000000000E+000
        </rotation>
        <fractional_translation>
  0.000000000000000E+000  0.000000000000000E+000  0.000000000000000E+000
        </fractional_translation>
        <equivalent_atoms size="1" nat="1">
           1
        </equivalent_atoms>
      </symmetry>
      <symmetry>
        <info name="180 deg rotation - cart. axis [0,1,-1]">crystal_symmetry</info>
        <rotation rank="2" dims="           3           3">
  0.000000000000000E+000  0.000000000000000E+000 -1.000000000000000E+000
  0.000000000000000E+000 -1.000000000000000E+000  0.000000000000000E+000
 -1.000000000000000E+000  0.000000000000000E+000  0.000000000000000E+000
        </rotation>
        <fractional_translation>
  0.000000000000000E+000  0.000000000000000E+000  0.000000000000000E+000
        </fractional_translation>
        <equivalent_atoms size="1" nat="1">
           1
        </equivalent_atoms>
      </symmetry>
      <symmetry>
        <info name=" 90 deg rotation - cart. axis [-1,0,0]">crystal_symmetry</info>
        <rotation rank="2" dims="           3           3">
  0.000000000000000E+000 -1.000000000000000E+000  0.000000000000000E+000
  0.000000000000000E+000  0.000000000000000E+000 -1.000000000000000E+000
  1.000000000000000E+000  1.000000000000000E+000  1.000000000000000E+000
        </rotation>
        <fractional_translation>
  0.000000000000000E+000  0.000000000000000E+000  0.000000000000000E+000
        </fractional_translation>
        <equivalent_atoms size="1" nat="1">
           1
        </equivalent_atoms>
      </symmetry>
      <symmetry>
        <info name=" 90 deg rotation - cart. axis [1,0,0]">crystal_symmetry</info>
        <rotation rank="2" dims="           3           3">
  1.000000000000000E+000  1.000000000000000E+000  1.000000000000000E+000
 -1.000000000000000E+000  0.000000000000000E+000  0.000000000000000E+000
  0.000000000000000E+000 -1.000000000000000E+000  0.000000000000000E+000
        </rotation>
        <fractional_translation>
  0.000000000000000E+000  0.000000000000000E+000  0.000000000000000E+000
        </fractional_translation>
        <equivalent_atoms size="1" nat="1">
           1
        </equivalent_atoms>
      </symmetry>
      <symmetry>
        <info name="120 deg rotation - cart. axis [-1,-1,-1]">crystal_symmetry</info>
        <rotation rank="2" dims="           3           3">
 -1.000000000000000E+000 -1.000000000000000E+000 -1.000000000000000E+000
  0.000000000000000E+000  1.000000000000000E+000  0.000000000000000E+000
  1.000000000000000E+000  0.000000000000000E+000  0.000000000000000E+000
        </rotation>
        <fractional_translation>
  0.000000000000000E+000  0.000000000000000E+000  0.000000000000000E+000
        </fractional_translation>
        <equivalent_atoms size="1" nat="1">
           1
        </equivalent_atoms>
      </symmetry>
      <symmetry>
        <info name="120 deg rotation - cart. axis [-1,1,1]">crystal_symmetry</info>
        <rotation rank="2" dims="           3           3">
  0.000000000000000E+000  0.000000000000000E+000  1.000000000000000E+000
  1.000000000000000E+000  0.000000000000000E+000  0.000000000000000E+000
  0.000000000000000E+000  1.000000000000000E+000  0.000000000000000E+000
        </rotation>
        <fractional_translation>
  0.000000000000000E+000  0.000000000000000E+000  0.000000000000000E+000
        </fractional_translation>
        <equivalent_atoms size="1" nat="1">
           1
        </equivalent_atoms>
      </symmetry>
      <symmetry>
        <info name="120 deg rotation - cart. axis [1,1,-1]">crystal_symmetry</info>
        <rotation rank="2" dims="           3           3">
  1.000000000000000E+000  0.000000000000000E+000  0.000000000000000E+000
  0.000000000000000E+000  0.000000000000000E+000  1.000000000000000E+000
 -1.000000000000000E+000 -1.000000000000000E+000 -1.000000000000000E+000
        </rotation>
        <fractional_translation>
  0.000000000000000E+000  0.000000000000000E+000  0.000000000000000E+000
        </fractional_translation>
        <equivalent_atoms size="1" nat="1">
           1
        </equivalent_atoms>
      </symmetry>
      <symmetry>
        <info name="120 deg rotation - cart. axis [1,-1,1]">crystal_symmetry</info>
        <rotation rank="2" dims="           3           3">
  0.000000000000000E+000  1.000000000000000E+000  0.000000000000000E+000
 -1.000000000000000E+000 -1.000000000000000E+000 -1.000000000000000E+000
  0.000000000000000E+000  0.000000000000000E+000  1.000000000000000E+000
        </rotation>
        <fractional_translation>
  0.000000000000000E+000  0.000000000000000E+000  0.000000000000000E+000
        </fractional_translation>
        <equivalent_atoms size="1" nat="1">
           1
        </equivalent_atoms>
      </symmetry>
      <symmetry>
        <info name="120 deg rotation - cart. axis [1,1,1]">crystal_symmetry</info>
        <rotation rank="2" dims="           3           3">
  0.000000000000000E+000  0.000000000000000E+000  1.000000000000000E+000
  0.000000000000000E+000  1.000000000000000E+000  0.000000000000000E+000
 -1.000000000000000E+000 -1.000000000000000E+000 -1.000000000000000E+000
        </rotation>
        <fractional_translation>
  0.000000000000000E+000  0.000000000000000E+000  0.000000000000000E+000
        </fractional_translation>
        <equivalent_atoms size="1" nat="1">
           1
        </equivalent_atoms>
      </symmetry>
      <symmetry>
        <info name="120 deg rotation - cart. axis [-1,1,-1]">crystal_symmetry</info>
        <rotation rank="2" dims="           3           3">
 -1.000000000000000E+000 -1.000000000000000E+000 -1.000000000000000E+000
  1.000000000000000E+000  0.000000000000000E+000  0.000000000000000E+000
  0.000000000000000E+000  0.000000000000000E+000  1.000000000000000E+000
        </rotation>
        <fractional_translation>
  0.000000000000000E+000  0.000000000000000E+000  0.000000000000000E+000
        </fractional_translation>
        <equivalent_atoms size="1" nat="1">
           1
        </equivalent_atoms>
      </symmetry>
      <symmetry>
        <info name="120 deg rotation - cart. axis [1,-1,-1]">crystal_symmetry</info>
        <rotation rank="2" dims="           3           3">
  0.000000000000000E+000  1.000000000000000E+000  0.000000000000000E+000
  0.000000000000000E+000  0.000000000000000E+000  1.000000000000000E+000
  1.000000000000000E+000  0.000000000000000E+000  0.000000000000000E+000
        </rotation>
        <fractional_translation>
  0.000000000000000E+000  0.000000000000000E+000  0.000000000000000E+000
        </fractional_translation>
        <equivalent_atoms size="1" nat="1">
           1
        </equivalent_atoms>
      </symmetry>
      <symmetry>
        <info name="120 deg rotation - cart. axis [-1,-1,1]">crystal_symmetry</info>
        <rotation rank="2" dims="           3           3">
  1.000000000000000E+000  0.000000000000000E+000  0.000000000000000E+000
 -1.000000000000000E+000 -1.000000000000000E+000 -1.000000000000000E+000
  0.000000000000000E+000  1.000000000000000E+000  0.000000000000000E+000
        </rotation>
        <fractional_translation>
  0.000000000000000E+000  0.000000000000000E+000  0.000000000000000E+000
        </fractional_translation>
        <equivalent_atoms size="1" nat="1">
           1
        </equivalent_atoms>
      </symmetry>
      <symmetry>
        <info name="inversion">crystal_symmetry</info>
        <rotation rank="2" dims="           3           3">
 -1.000000000000000E+000  0.000000000000000E+000  0.000000000000000E+000
  0.000000000000000E+000 -1.000000000000000E+000  0.000000000000000E+000
  0.000000000000000E+000  0.000000000000000E+000 -1.000000000000000E+000
        </rotation>
        <fractional_translation>
  0.000000000000000E+000  0.000000000000000E+000  0.000000000000000E+000
        </fractional_translation>
        <equivalent_atoms size="1" nat="1">
           1
        </equivalent_atoms>
      </symmetry>
      <symmetry>
        <info name="inv. 180 deg rotation - cart. axis [0,0,1]">crystal_symmetry</info>
        <rotation rank="2" dims="           3           3">
  0.000000000000000E+000 -1.000000000000000E+000  0.000000000000000E+000
 -1.000000000000000E+000  0.000000000000000E+000  0.000000000000000E+000
  1.000000000000000E+000  1.000000000000000E+000  1.000000000000000E+000
        </rotation>
        <fractional_translation>
  0.000000000000000E+000  0.000000000000000E+000  0.000000000000000E+000
        </fractional_translation>
        <equivalent_atoms size="1" nat="1">
           1
        </equivalent_atoms>
      </symmetry>
      <symmetry>
        <info name="inv. 180 deg rotation - cart. axis [0,1,0]">crystal_symmetry</info>
        <rotation rank="2" dims="           3           3">
  1.000000000000000E+000  1.000000000000000E+000  1.000000000000000E+000
  0.000000000000000E+000  0.000000000000000E+000 -1.000000000000000E+000
  0.000000000000000E+000 -1.000000000000000E+000  0.000000000000000E+000
        </rotation>
        <fractional_translation>
  0.000000000000000E+000  0.000000000000000E+000  0.000000000000000E+000
        </fractional_translation>
        <equivalent_atoms size="1" nat="1">
           1
        </equivalent_atoms>
      </symmetry>
      <symmetry>
        <info name="inv. 180 deg rotation - cart. axis [1,0,0]">crystal_symmetry</info>
        <rotation rank="2" dims="           3           3">
  0.000000000000000E+000  0.000000000000000E+000 -1.000000000000000E+000
  1.000000000000000E+000  1.000000000000000E+000  1.000000000000000E+000
 -1.000000000000000E+000  0.000000000000000E+000  0.000000000000000E+000
        </rotation>
        <fractional_translation>
  0.000000000000000E+000  0.000000000000000E+000  0.000000000000000E+000
        </fractional_translation>
        <equivalent_atoms size="1" nat="1">
           1
        </equivalent_atoms>
      </symmetry>
      <symmetry>
        <info name="inv. 180 deg rotation - cart. axis [1,1,0]">crystal_symmetry</info>
        <rotation rank="2" dims="           3           3">
  0.000000000000000E+000  1.000000000000000E+000  0.000000000000000E+000
  1.000000000000000E+000  0.000000000000000E+000  0.000000000000000E+000
  0.000000000000000E+000  0.000000000000000E+000  1.000000000000000E+000
        </rotation>
        <fractional_translation>
  0.000000000000000E+000  0.000000000000000E+000  0.000000000000000E+000
        </fractional_translation>
        <equivalent_atoms size="1" nat="1">
           1
        </equivalent_atoms>
      </symmetry>
      <symmetry>
        <info name="inv. 180 deg rotation - cart. axis [1,-1,0]">crystal_symmetry</info>
        <rotation rank="2" dims="           3           3">
  1.000000000000000E+000  0.000000000000000E+000  0.000000000000000E+000
  0.000000000000000E+000  1.000000000000000E+000  0.000000000000000E+000
 -1.000000000000000E+000 -1.000000000000000E+000 -1.000000000000000E+000
        </rotation>
        <fractional_translation>
  0.000000000000000E+000  0.000000000000000E+000  0.000000000000000E+000
        </fractional_translation>
        <equivalent_atoms size="1" nat="1">
           1
        </equivalent_atoms>
      </symmetry>
      <symmetry>
        <info name="inv.  90 deg rotation - cart. axis [0,0,-1]">crystal_symmetry</info>
        <rotation rank="2" dims="           3           3">
  0.000000000000000E+000  0.000000000000000E+000  1.000000000000000E+000
 -1.000000000000000E+000 -1.000000000000000E+000 -1.000000000000000E+000
  0.000000000000000E+000  1.000000000000000E+000  0.000000000000000E+000
        </rotation>
        <fractional_translation>
  0.000000000000000E+000  0.000000000000000E+000  0.000000000000000E+000
        </fractional_translation>
        <equivalent_atoms size="1" nat="1">
           1
        </equivalent_atoms>
      </symmetry>
      <symmetry>
        <info name="inv.  90 deg rotation - cart. axis [0,0,1]">crystal_symmetry</info>
        <rotation rank="2" dims="           3           3">
 -1.000000000000000E+000 -1.000000000000000E+000 -1.000000000000000E+000
  0.000000000000000E+000  0.000000000000000E+000  1.000000000000000E+000
  1.000000000000000E+000  0.000000000000000E+000  0.000000000000000E+000
        </rotation>
        <fractional_translation>
  0.000000000000000E+000  0.000000000000000E+000  0.000000000000000E+000
        </fractional_translation>
        <equivalent_atoms size="1" nat="1">
           1
        </equivalent_atoms>
      </symmetry>
      <symmetry>
        <info name="inv. 180 deg rotation - cart. axis [1,0,1]">crystal_symmetry</info>
        <rotation rank="2" dims="           3           3">
  1.000000000000000E+000  0.000000000000000E+000  0.000000000000000E+000
  0.000000000000000E+000  0.000000000000000E+000  1.000000000000000E+000
  0.000000000000000E+000  1.000000000000000E+000  0.000000000000000E+000
        </rotation>
        <fractional_translation>
  0.000000000000000E+000  0.000000000000000E+000  0.000000000000000E+000
        </fractional_translation>
        <equivalent_atoms size="1" nat="1">
           1
        </equivalent_atoms>
      </symmetry>
      <symmetry>
        <info name="inv. 180 deg rotation - cart. axis [-1,0,1]">crystal_symmetry</info>
        <rotation rank="2" dims="           3           3">
 -1.000000000000000E+000 -1.000000000000000E+000 -1.000000000000000E+000
  0.000000000000000E+000  1.000000000000000E+000  0.000000000000000E+000
  0.000000000000000E+000  0.000000000000000E+000  1.000000000000000E+000
        </rotation>
        <fractional_translation>
  0.000000000000000E+000  0.000000000000000E+000  0.000000000000000E+000
        </fractional_translation>
        <equivalent_atoms size="1" nat="1">
           1
        </equivalent_atoms>
      </symmetry>
      <symmetry>
        <info name="inv.  90 deg rotation - cart. axis [0,1,0]">crystal_symmetry</info>
        <rotation rank="2" dims="           3           3">
  0.000000000000000E+000  1.000000000000000E+000  0.000000000000000E+000
 -1.000000000000000E+000 -1.000000000000000E+000 -1.000000000000000E+000
  1.000000000000000E+000  0.000000000000000E+000  0.000000000000000E+000
        </rotation>
        <fractional_translation>
  0.000000000000000E+000  0.000000000000000E+000  0.000000000000000E+000
        </fractional_translation>
        <equivalent_atoms size="1" nat="1">
           1
        </equivalent_atoms>
      </symmetry>
      <symmetry>
        <info name="inv.  90 deg rotation - cart. axis [0,-1,0]">crystal_symmetry</info>
        <rotation rank="2" dims="           3           3">
  0.000000000000000E+000  0.000000000000000E+000  1.000000000000000E+000
  1.000000000000000E+000  0.000000000000000E+000  0.000000000000000E+000
 -1.000000000000000E+000 -1.000000000000000E+000 -1.000000000000000E+000
        </rotation>
        <fractional_translation>
  0.000000000000000E+000  0.000000000000000E+000  0.000000000000000E+000
        </fractional_translation>
        <equivalent_atoms size="1" nat="1">
           1
        </equivalent_atoms>
      </symmetry>
      <symmetry>
        <info name="inv. 180 deg rotation - cart. axis [0,1,1]">crystal_symmetry</info>
        <rotation rank="2" dims="           3           3">
  1.000000000000000E+000  0.000000000000000E+000  0.000000000000000E+000
 -1.000000000000000E+000 -1.000000000000000E+000 -1.000000000000000E+000
  0.000000000000000E+000  0.000000000000000E+000  1.000000000000000E+000
        </rotation>
        <fractional_translation>
  0.000000000000000E+000  0.000000000000000E+000  0.000000000000000E+000
        </fractional_translation>
        <equivalent_atoms size="1" nat="1">
           1
        </equivalent_atoms>
      </symmetry>
      <symmetry>
        <info name="inv. 180 deg rotation - cart. axis [0,1,-1]">crystal_symmetry</info>
        <rotation rank="2" dims="           3           3">
  0.000000000000000E+000  0.000000000000000E+000  1.000000000000000E+000
  0.000000000000000E+000  1.000000000000000E+000  0.000000000000000E+000
  1.000000000000000E+000  0.000000000000000E+000  0.000000000000000E+000
        </rotation>
        <fractional_translation>
  0.000000000000000E+000  0.000000000000000E+000  0.000000000000000E+000
        </fractional_translation>
        <equivalent_atoms size="1" nat="1">
           1
        </equivalent_atoms>
      </symmetry>
      <symmetry>
        <info name="inv.  90 deg rotation - cart. axis [-1,0,0]">crystal_symmetry</info>
        <rotation rank="2" dims="           3           3">
  0.000000000000000E+000  1.000000000000000E+000  0.000000000000000E+000
  0.000000000000000E+000  0.000000000000000E+000  1.000000000000000E+000
 -1.000000000000000E+000 -1.000000000000000E+000 -1.000000000000000E+000
        </rotation>
        <fractional_translation>
  0.000000000000000E+000  0.000000000000000E+000  0.000000000000000E+000
        </fractional_translation>
        <equivalent_atoms size="1" nat="1">
           1
        </equivalent_atoms>
      </symmetry>
      <symmetry>
        <info name="inv.  90 deg rotation - cart. axis [1,0,0]">crystal_symmetry</info>
        <rotation rank="2" dims="           3           3">
 -1.000000000000000E+000 -1.000000000000000E+000 -1.000000000000000E+000
  1.000000000000000E+000  0.000000000000000E+000  0.000000000000000E+000
  0.000000000000000E+000  1.000000000000000E+000  0.000000000000000E+000
        </rotation>
        <fractional_translation>
  0.000000000000000E+000  0.000000000000000E+000  0.000000000000000E+000
        </fractional_translation>
        <equivalent_atoms size="1" nat="1">
           1
        </equivalent_atoms>
      </symmetry>
      <symmetry>
        <info name="inv. 120 deg rotation - cart. axis [-1,-1,-1]">crystal_symmetry</info>
        <rotation rank="2" dims="           3           3">
  1.000000000000000E+000  1.000000000000000E+000  1.000000000000000E+000
  0.000000000000000E+000 -1.000000000000000E+000  0.000000000000000E+000
 -1.000000000000000E+000  0.000000000000000E+000  0.000000000000000E+000
        </rotation>
        <fractional_translation>
  0.000000000000000E+000  0.000000000000000E+000  0.000000000000000E+000
        </fractional_translation>
        <equivalent_atoms size="1" nat="1">
           1
        </equivalent_atoms>
      </symmetry>
      <symmetry>
        <info name="inv. 120 deg rotation - cart. axis [-1,1,1]">crystal_symmetry</info>
        <rotation rank="2" dims="           3           3">
  0.000000000000000E+000  0.000000000000000E+000 -1.000000000000000E+000
 -1.000000000000000E+000  0.000000000000000E+000  0.000000000000000E+000
  0.000000000000000E+000 -1.000000000000000E+000  0.000000000000000E+000
        </rotation>
        <fractional_translation>
  0.000000000000000E+000  0.000000000000000E+000  0.000000000000000E+000
        </fractional_translation>
        <equivalent_atoms size="1" nat="1">
           1
        </equivalent_atoms>
      </symmetry>
      <symmetry>
        <info name="inv. 120 deg rotation - cart. axis [1,1,-1]">crystal_symmetry</info>
        <rotation rank="2" dims="           3           3">
 -1.000000000000000E+000  0.000000000000000E+000  0.000000000000000E+000
  0.000000000000000E+000  0.000000000000000E+000 -1.000000000000000E+000
  1.000000000000000E+000  1.000000000000000E+000  1.000000000000000E+000
        </rotation>
        <fractional_translation>
  0.000000000000000E+000  0.000000000000000E+000  0.000000000000000E+000
        </fractional_translation>
        <equivalent_atoms size="1" nat="1">
           1
        </equivalent_atoms>
      </symmetry>
      <symmetry>
        <info name="inv. 120 deg rotation - cart. axis [1,-1,1]">crystal_symmetry</info>
        <rotation rank="2" dims="           3           3">
  0.000000000000000E+000 -1.000000000000000E+000  0.000000000000000E+000
  1.000000000000000E+000  1.000000000000000E+000  1.000000000000000E+000
  0.000000000000000E+000  0.000000000000000E+000 -1.000000000000000E+000
        </rotation>
        <fractional_translation>
  0.000000000000000E+000  0.000000000000000E+000  0.000000000000000E+000
        </fractional_translation>
        <equivalent_atoms size="1" nat="1">
           1
        </equivalent_atoms>
      </symmetry>
      <symmetry>
        <info name="inv. 120 deg rotation - cart. axis [1,1,1]">crystal_symmetry</info>
        <rotation rank="2" dims="           3           3">
  0.000000000000000E+000  0.000000000000000E+000 -1.000000000000000E+000
  0.000000000000000E+000 -1.000000000000000E+000  0.000000000000000E+000
  1.000000000000000E+000  1.000000000000000E+000  1.000000000000000E+000
        </rotation>
        <fractional_translation>
  0.000000000000000E+000  0.000000000000000E+000  0.000000000000000E+000
        </fractional_translation>
        <equivalent_atoms size="1" nat="1">
           1
        </equivalent_atoms>
      </symmetry>
      <symmetry>
        <info name="inv. 120 deg rotation - cart. axis [-1,1,-1]">crystal_symmetry</info>
        <rotation rank="2" dims="           3           3">
  1.000000000000000E+000  1.000000000000000E+000  1.000000000000000E+000
 -1.000000000000000E+000  0.000000000000000E+000  0.000000000000000E+000
  0.000000000000000E+000  0.000000000000000E+000 -1.000000000000000E+000
        </rotation>
        <fractional_translation>
  0.000000000000000E+000  0.000000000000000E+000  0.000000000000000E+000
        </fractional_translation>
        <equivalent_atoms size="1" nat="1">
           1
        </equivalent_atoms>
      </symmetry>
      <symmetry>
        <info name="inv. 120 deg rotation - cart. axis [1,-1,-1]">crystal_symmetry</info>
        <rotation rank="2" dims="           3           3">
  0.000000000000000E+000 -1.000000000000000E+000  0.000000000000000E+000
  0.000000000000000E+000  0.000000000000000E+000 -1.000000000000000E+000
 -1.000000000000000E+000  0.000000000000000E+000  0.000000000000000E+000
        </rotation>
        <fractional_translation>
  0.000000000000000E+000  0.000000000000000E+000  0.000000000000000E+000
        </fractional_translation>
        <equivalent_atoms size="1" nat="1">
           1
        </equivalent_atoms>
      </symmetry>
      <symmetry>
        <info name="inv. 120 deg rotation - cart. axis [-1,-1,1]">crystal_symmetry</info>
        <rotation rank="2" dims="           3           3">
 -1.000000000000000E+000  0.000000000000000E+000  0.000000000000000E+000
  1.000000000000000E+000  1.000000000000000E+000  1.000000000000000E+000
  0.000000000000000E+000 -1.000000000000000E+000  0.000000000000000E+000
        </rotation>
        <fractional_translation>
  0.000000000000000E+000  0.000000000000000E+000  0.000000000000000E+000
        </fractional_translation>
        <equivalent_atoms size="1" nat="1">
           1
        </equivalent_atoms>
      </symmetry>
    </symmetries>
    <basis_set>
      <gamma_only>false</gamma_only>
      <ecutwfc>3.000000000000000E+001</ecutwfc>
      <ecutrho>2.400000000000000E+002</ecutrho>
      <fft_grid nr1="18" nr2="18" nr3="18"></fft_grid>
      <fft_smooth nr1="15" nr2="15" nr3="15"></fft_smooth>
      <fft_box nr1="18" nr2="18" nr3="18"></fft_box>
      <ngm>2109</ngm>
      <ngms>749</ngms>
      <npwx>107</npwx>
      <reciprocal_lattice>
        <b1>
 -1.000000000000000E+000 -1.000000000000000E+000  1.000000000000000E+000
        </b1>
        <b2>1.000000000000000E+000  1.000000000000000E+000  1.000000000000000E+000</b2>
        <b3>-1.000000000000000E+000  1.000000000000000E+000 -1.000000000000000E+000</b3>
      </reciprocal_lattice>
    </basis_set>
    <dft>
      <functional>PBESOL</functional>
    </dft>
    <magnetization>
      <lsda>false</lsda>
      <noncolin>false</noncolin>
      <spinorbit>false</spinorbit>
      <absolute>0.000000000000000E+000</absolute>
    </magnetization>
    <total_energy>
      <etot>-2.091351500843435E+002</etot>
      <eband>4.832549372512555E+001</eband>
      <ehart>1.716484517257766E+001</ehart>
      <vtxc>-2.554990556126885E+001</vtxc>
      <etxc>-1.972479708606459E+001</etxc>
      <ewald>-2.028921706973211E+002</ewald>
      <demet>-3.022379607574036E-005</demet>
    </total_energy>
    <band_structure>
      <lsda>false</lsda>
      <noncolin>false</noncolin>
      <spinorbit>false</spinorbit>
      <nbnd>13</nbnd>
      <nelec>1.800000000000000E+001</nelec>
      <fermi_energy>4.611795135984170E+000</fermi_energy>
      <starting_k_points>
        <monkhorst_pack nk1="6" nk2="6" nk3="6" k1="1" k2="1" k3="1">Uniform grid with offset</monkhorst_pack>
      </starting_k_points>
      <nks>28</nks>
      <occupations_kind>smearing</occupations_kind>
      <smearing degauss="1.0000000000000000E-002">mp</smearing>
      <ks_energies>
        <k_point weight="1.8518518518518514E-002">-8.333333333333333E-002  8.333333333333333E-002  8.333333333333333E-002</k_point>
        <npw>107</npw>
        <eigenvalues size="13">
 -4.454536929110690E-001  1.950571227177698E+000  2.019000692937467E+000
  2.019000693028458E+000  3.652759535323777E+000
  3.702116235228419E+000  3.702116235278428E+000  4.156060835283626E+000
  4.156060836540547E+000  4.376471690290467E+000
  5.721205205958977E+000  6.380832928259695E+000  6.675193009017027E+000
        </eigenvalues>
        <occupations size="13">
  1.000000000000000E+000  1.000000000000000E+000  1.000000000000000E+000
  1.000000000000000E+000  1.000000000000000E+000
  1.000000000000000E+000  1.000000000000000E+000  1.000000000000000E+000
  1.000000000000000E+000  1.000000000000000E+000
 -4.331026000424594E-086 -6.906146682311080E-086 -8.055299009075194E-086
        </occupations>
      </ks_energies>
      <ks_energies>
        <k_point weight="5.5555555555555539E-002">
 -2.500000000000000E-001  2.500000000000000E-001 -8.333333333333334E-002
        </k_point>
        <npw>93</npw>
        <eigenvalues size="13">
 -3.261897196017550E-001  1.653598962410742E+000  1.887108949155153E+000
  2.001159295877772E+000  3.581580922670482E+000
  3.776947299837331E+000  3.783426903927939E+000  4.022495261129658E+000
  4.167769771771474E+000  4.651130231051676E+000
  5.974078419625277E+000  6.167808752387197E+000  6.864088820127544E+000
        </eigenvalues>
        <occupations size="13">
  1.000000000000000E+000  1.000000000000000E+000  1.000000000000000E+000
  1.000000000000000E+000  1.000000000000000E+000
  1.000000000000000E+000  1.000000000000000E+000  1.000000000000000E+000
  1.000000000000000E+000 -1.983469643712349E-007
 -5.318217745695608E-086 -6.074521596698003E-086 -8.792729370879573E-086
        </occupations>
      </ks_energies>
      <ks_energies>
        <k_point weight="5.5555555555555539E-002">
 -4.166666666666666E-001  4.166666666666666E-001 -2.500000000000000E-001
        </k_point>
        <npw>96</npw>
        <eigenvalues size="13">
 -6.352921313527909E-002  1.120450692197215E+000  1.818913007467612E+000
  1.926284001581687E+000  3.495469270502486E+000
  3.644947082673346E+000  3.693650253953122E+000  4.301454833972475E+000
  4.375795104773941E+000  4.999704996701505E+000
  5.798974218508741E+000  6.461826640224448E+000  7.246429540273421E+000
        </eigenvalues>
        <occupations size="13">
  1.000000000000000E+000  1.000000000000000E+000  1.000000000000000E+000
  1.000000000000000E+000  1.000000000000000E+000
  1.000000000000000E+000  1.000000000000000E+000  1.000000000000000E+000
  1.000000000000000E+000 -1.514361315132115E-086
 -4.634628450497922E-086 -7.222338036512699E-086 -1.028534931799296E-085
        </occupations>
      </ks_energies>
      <ks_energies>
        <k_point weight="5.5555555555555539E-002">
  4.166666666666666E-001 -4.166666666666666E-001  5.833333333333333E-001
        </k_point>
        <npw>97</npw>
        <eigenvalues size="13">
  8.926322970349543E-002  8.851664156011041E-001  1.831046624554842E+000
  1.872207840323324E+000  3.448459376965230E+000
  3.574302330223632E+000  3.672408022857053E+000  4.413061012777916E+000
  4.545538855879363E+000  5.067695846518539E+000
  5.874974669314152E+000  6.350698075453525E+000  7.136581749442462E+000
        </eigenvalues>
        <occupations size="13">
  1.000000000000000E+000  1.000000000000000E+000  1.000000000000000E+000
  1.000000000000000E+000  1.000000000000000E+000
  1.000000000000000E+000  1.000000000000000E+000  1.000000000000000E+000
  1.000000000000000E+000 -1.779790795464151E-086
 -4.931326612332437E-086 -6.788503229673721E-086 -9.856514524570822E-086
        </occupations>
      </ks_energies>
      <ks_energies>
        <k_point weight="5.5555555555555539E-002">
  2.500000000000000E-001 -2.500000000000000E-001  4.166666666666666E-001
        </k_point>
        <npw>96</npw>
        <eigenvalues size="13">
 -1.605496099953952E-001  1.293752577818870E+000  1.882170128302835E+000
  1.905700465389057E+000  3.480473716068082E+000
  3.672297477219528E+000  3.785682492653252E+000  4.114273657948894E+000
  4.391347212918596E+000  4.894057866585660E+000
  5.808359803264344E+000  6.446902823840206E+000  7.182174572829735E+000
        </eigenvalues>
        <occupations size="13">
  1.000000000000000E+000  1.000000000000000E+000  1.000000000000000E+000
  1.000000000000000E+000  1.000000000000000E+000
  1.000000000000000E+000  1.000000000000000E+000  1.000000000000000E+000
  1.000000000000000E+000 -1.101925481182678E-086
 -4.671268835064314E-086 -7.164076949350236E-086 -1.003450434895337E-085
        </occupations>
      </ks_energies>
      <ks_energies>
        <k_point weight="5.5555555555555539E-002">
  8.333333333333326E-002 -8.333333333333326E-002  2.499999999999999E-001
        </k_point>
        <npw>96</npw>
        <eigenvalues size="13">
 -3.849299919940353E-001  1.814464414834116E+000  1.952692217442084E+000
  1.980187066060545E+000  3.549239189504844E+000
  3.787569210990167E+000  3.807325160360843E+000  3.979713825472078E+000
  4.211805895751996E+000  4.524656346527983E+000
  5.930438041939395E+000  6.208587313650058E+000  6.767475457564590E+000
        </eigenvalues>
        <occupations size="13">
  1.000000000000000E+000  1.000000000000000E+000  1.000000000000000E+000
  1.000000000000000E+000  1.000000000000000E+000
  1.000000000000000E+000  1.000000000000000E+000  1.000000000000000E+000
  1.000000000000000E+000  1.000000000000000E+000
 -5.147850074136436E-086 -6.233717023050470E-086 -8.415560462309900E-086
        </occupations>
      </ks_energies>
      <ks_energies>
        <k_point weight="5.5555555555555539E-002">
 -8.333333333333331E-002  4.166666666666667E-001  8.333333333333331E-002
        </k_point>
        <npw>93</npw>
        <eigenvalues size="13">
 -2.677086574162496E-001  1.635647358298167E+000  1.851953757175117E+000
  1.864845337532461E+000  3.382308861958283E+000
  3.663477731836912E+000  3.980356996527844E+000  3.984448302403372E+000
  4.313900518727410E+000  4.801424311911592E+000
  6.128378076099619E+000  6.289018258097954E+000  6.879537053983445E+000
        </eigenvalues>
        <occupations size="13">
  1.000000000000000E+000  1.000000000000000E+000  1.000000000000000E+000
  1.000000000000000E+000  1.000000000000000E+000
  1.000000000000000E+000  1.000000000000000E+000  1.000000000000000E+000
  1.000000000000000E+000 -7.402933447317706E-087
 -5.920588178534866E-086 -6.547711389128699E-086 -8.853037731422998E-086
        </occupations>
      </ks_energies>
      <ks_energies>
        <k_point weight="0.11111111111111108">
 -2.499999999999999E-001  5.833333333333333E-001 -8.333333333333331E-002
        </k_point>
        <npw>93</npw>
        <eigenvalues size="13">
 -5.365602068779302E-002  1.317722383206609E+000  1.644248508910114E+000
  1.799715147726901E+000  3.361808998981233E+000
  3.503349803376765E+000  3.954349392862258E+000  4.177321554184176E+000
  4.440078627396153E+000  5.231388409710895E+000
  6.075421495125615E+000  6.572100466555026E+000  6.902727480663711E+000
        </eigenvalues>
        <occupations size="13">
  1.000000000000000E+000  1.000000000000000E+000  1.000000000000000E+000
  1.000000000000000E+000  1.000000000000000E+000
  1.000000000000000E+000  1.000000000000000E+000  1.000000000000000E+000
  1.000000000000000E+000 -2.418830197079045E-086
 -5.713850980721969E-086 -7.652836029932649E-086 -8.943570838730608E-086
        </occupations>
      </ks_energies>
      <ks_energies>
        <k_point weight="0.11111111111111108">
  5.833333333333333E-001 -2.499999999999999E-001  7.500000000000000E-001
        </k_point>
        <npw>96</npw>
        <eigenvalues size="13">
  1.725400810281469E-001  9.924191485734918E-001  1.533649342314350E+000
  1.758373205364087E+000  3.354610252342795E+000
  3.648569857739730E+000  3.954851945523329E+000  4.125654586453512E+000
  4.511400374191723E+000  5.497281277980524E+000
  6.165175103150079E+000  6.313994031683303E+000  6.863008804519201E+000
        </eigenvalues>
        <occupations size="13">
  1.000000000000000E+000  1.000000000000000E+000  1.000000000000000E+000
  1.000000000000000E+000  1.000000000000000E+000
  1.000000000000000E+000  1.000000000000000E+000  1.000000000000000E+000
  1.000000000000000E+000 -3.456849372287527E-086
 -6.064240093374156E-086 -6.645214312264524E-086 -8.788513097918661E-086
        </occupations>
      </ks_energies>
      <ks_energies>
        <k_point weight="0.11111111111111108">
  4.166666666666667E-001 -8.333333333333331E-002  5.833333333333333E-001
        </k_point>
        <npw>95</npw>
        <eigenvalues size="13">
  3.368407191193758E-002  1.192112189642188E+000  1.514423664671398E+000
  1.841007487743732E+000  3.491470595544020E+000
  3.634619521900575E+000  3.877193586879178E+000  4.146837125485577E+000
  4.320577683239349E+000  5.354160158507444E+000
  6.108573283006447E+000  6.495532294482617E+000  6.872756837897240E+000
        </eigenvalues>
        <occupations size="13">
  1.000000000000000E+000  1.000000000000000E+000  1.000000000000000E+000
  1.000000000000000E+000  1.000000000000000E+000
  1.000000000000000E+000  1.000000000000000E+000  1.000000000000000E+000
  1.000000000000000E+000 -2.898118830332143E-086
 -5.843272246274123E-086 -7.353921541029442E-086 -8.826568445671411E-086
        </occupations>
      </ks_energies>
      <ks_energies>
        <k_point weight="0.11111111111111108">
  2.499999999999999E-001  8.333333333333343E-002  4.166666666666666E-001
        </k_point>
        <npw>94</npw>
        <eigenvalues size="13">
 -2.126278864891436E-001  1.479358018676359E+000  1.771378490427851E+000
  1.934616839211341E+000  3.503170587142018E+000
  3.701929613180253E+000  3.870878955773500E+000  3.977180675860915E+000
  4.289173915143970E+000  4.909364793924333E+000
  5.993736382319243E+000  6.366865594893309E+000  6.951127229515429E+000
        </eigenvalues>
        <occupations size="13">
  1.000000000000000E+000  1.000000000000000E+000  1.000000000000000E+000
  1.000000000000000E+000  1.000000000000000E+000
  1.000000000000000E+000  1.000000000000000E+000  1.000000000000000E+000
  1.000000000000000E+000 -1.161682195209899E-086
 -5.394960466757152E-086 -6.851619609226384E-086 -9.132518619505276E-086
        </occupations>
      </ks_energies>
      <ks_energies>
        <k_point weight="5.5555555555555539E-002">
 -8.333333333333331E-002  7.500000000000000E-001  8.333333333333331E-002
        </k_point>
        <npw>96</npw>
        <eigenvalues size="13">
  9.393470783455102E-002  1.200821840915962E+000  1.617862433297910E+000
  1.673765358269566E+000  3.085651620605818E+000
  3.155217145164308E+000  4.360324042269154E+000  4.425365661526115E+000
  4.555498226361578E+000  5.473755914475873E+000
  6.175093391041682E+000  6.593965785631909E+000  6.650212085367366E+000
        </eigenvalues>
        <occupations size="13">
  1.000000000000000E+000  1.000000000000000E+000  1.000000000000000E+000
  1.000000000000000E+000  1.000000000000000E+000
  1.000000000000000E+000  1.000000000000000E+000  1.000000000000000E+000
  1.000000000000026E+000 -3.365008705102673E-086
 -6.102960097726742E-086 -7.738196049633666E-086 -7.957775980603172E-086
        </occupations>
      </ks_energies>
      <ks_energies>
        <k_point weight="0.11111111111111108">
  7.500000000000000E-001 -8.333333333333331E-002  9.166666666666665E-001
        </k_point>
        <npw>99</npw>
        <eigenvalues size="13">
  2.722713821601576E-001  1.060162023809077E+000  1.426646291953482E+000
  1.607394353128069E+000  3.116029723960043E+000
  3.308448735125606E+000  4.273936088226121E+000  4.395274958467239E+000
  4.607126913747315E+000  5.863728155165662E+000
  6.066013020610876E+000  6.424605265475972E+000  6.599133473313348E+000
        </eigenvalues>
        <occupations size="13">
  1.000000000000000E+000  1.000000000000000E+000  1.000000000000000E+000
  1.000000000000000E+000  1.000000000000000E+000
  1.000000000000000E+000  1.000000000000000E+000  1.000000000000000E+000
  8.513347863681978E-001 -4.887421345461764E-086
 -5.677121236824306E-086 -7.077029510684319E-086 -7.758370185704826E-086
        </occupations>
      </ks_energies>
      <ks_energies>
        <k_point weight="0.11111111111111108">
  5.833333333333333E-001  8.333333333333331E-002  7.500000000000000E-001
        </k_point>
        <npw>96</npw>
        <eigenvalues size="13">
  2.345076857182672E-001  1.100339061678135E+000  1.305635524454482E+000
  1.711822768602290E+000  3.276701808214316E+000
  3.773766624637209E+000  3.992741333809826E+000  4.108630113160029E+000
  4.462979449517809E+000  5.693926274649702E+000
  6.261200908540672E+000  6.311878134991229E+000  6.765944842505415E+000
        </eigenvalues>
        <occupations size="13">
  1.000000000000000E+000  1.000000000000000E+000  1.000000000000000E+000
  1.000000000000000E+000  1.000000000000000E+000
  1.000000000000000E+000  1.000000000000000E+000  1.000000000000000E+000
  1.000000000000000E+000 -4.224531779791686E-086
 -6.439115237483685E-086 -6.636954063114456E-086 -8.409585094141411E-086
        </occupations>
      </ks_energies>
      <ks_energies>
        <k_point weight="0.11111111111111108">
  4.166666666666666E-001  2.500000000000001E-001  5.833333333333333E-001
        </k_point>
        <npw>96</npw>
        <eigenvalues size="13">
  5.961751519857275E-002  1.007344528977040E+000  1.710175034607033E+000
  1.851313868550393E+000  3.488710210005126E+000
  3.552153729303635E+000  3.800766442319125E+000  4.227432519013622E+000
  4.488071284793417E+000  5.222660021954270E+000
  5.958120542169059E+000  6.405384007512083E+000  7.018243758451611E+000
        </eigenvalues>
        <occupations size="13">
  1.000000000000000E+000  1.000000000000000E+000  1.000000000000000E+000
  1.000000000000000E+000  1.000000000000000E+000
  1.000000000000000E+000  1.000000000000000E+000  1.000000000000000E+000
  1.000000000000000E+000 -2.384755443893696E-086
 -5.255919787487928E-086 -7.001991641229645E-086 -9.394534838528286E-086
        </occupations>
      </ks_energies>
      <ks_energies>
        <k_point weight="5.5555555555555539E-002">
 -8.333333333333331E-002 -9.166666666666665E-001  8.333333333333331E-002
        </k_point>
        <npw>96</npw>
        <eigenvalues size="13">
  2.607848399746310E-001  1.013901717302533E+000  1.560502618261961E+000
  1.632195513557147E+000  2.990001666087330E+000
  3.071674593371521E+000  4.480602341611071E+000  4.566695047291304E+000
  4.620686796564526E+000  5.726693142473449E+000
  6.135325785137720E+000  6.447683884609502E+000  6.508319358145609E+000
        </eigenvalues>
        <occupations size="13">
  1.000000000000000E+000  1.000000000000000E+000  1.000000000000000E+000
  1.000000000000000E+000  1.000000000000000E+000
  1.000000000000000E+000  1.000000000000000E+000  1.000000001776501E+000
 -9.475732456642724E-003 -4.352450355923185E-086
 -5.947711340025626E-086 -7.167126132507380E-086 -7.403840959189007E-086
        </occupations>
      </ks_energies>
      <ks_energies>
        <k_point weight="0.11111111111111108">
 -2.499999999999999E-001 -7.500000000000000E-001 -8.333333333333331E-002
        </k_point>
        <npw>99</npw>
        <eigenvalues size="13">
  1.273925464551435E-001  1.173097198321015E+000  1.516881827063702E+000
  1.671794261187034E+000  3.208710764105939E+000
  3.368479153288930E+000  4.106124665906185E+000  4.366109486257112E+000
  4.536071644014067E+000  5.568829690375766E+000
  6.126850907775624E+000  6.541328620192307E+000  6.713761579217366E+000
        </eigenvalues>
        <occupations size="13">
  1.000000000000000E+000  1.000000000000000E+000  1.000000000000000E+000
  1.000000000000000E+000  1.000000000000000E+000
  1.000000000000000E+000  1.000000000000000E+000  1.000000000000000E+000
  1.000000000000000E+000 -3.736167221259217E-086
 -5.914626266075934E-086 -7.532705818133656E-086 -8.205866851262407E-086
        </occupations>
      </ks_energies>
      <ks_energies>
        <k_point weight="5.5555555555555539E-002">
 -8.333333333333331E-002 -5.833333333333333E-001  8.333333333333331E-002
        </k_point>
        <npw>93</npw>
        <eigenvalues size="13">
 -1.015657715113905E-001  1.427992139637257E+000  1.727110676623480E+000
  1.751281026343988E+000  3.221062998326239E+000
  3.364074435081490E+000  4.177622673236110E+000  4.209138067853248E+000
  4.440423487468424E+000  5.138053831593270E+000
  6.158967324523974E+000  6.618758279335008E+000  6.823536477696686E+000
        </eigenvalues>
        <occupations size="13">
  1.000000000000000E+000  1.000000000000000E+000  1.000000000000000E+000
  1.000000000000000E+000  1.000000000000000E+000
  1.000000000000000E+000  1.000000000000000E+000  1.000000000000000E+000
  1.000000000000000E+000 -2.054461335188982E-086
 -6.040005546237631E-086 -7.834983466432510E-086 -8.634417080231123E-086
        </occupations>
      </ks_energies>
      <ks_energies>
        <k_point weight="1.8518518518518514E-002">
 -2.500000000000000E-001  2.500000000000000E-001  2.500000000000000E-001
        </k_point>
        <npw>98</npw>
        <eigenvalues size="13">
 -2.696196092570784E-001  1.473062758292600E+000  1.955991799248257E+000
  1.955991799398106E+000  3.523106210284111E+000
  3.749558375361539E+000  3.749558376004929E+000  4.194474561222558E+000
  4.194474561299190E+000  4.682512072031010E+000
  5.803119502493923E+000  6.315370184527570E+000  7.117450328929882E+000
        </eigenvalues>
        <occupations size="13">
  1.000000000000000E+000  1.000000000000000E+000  1.000000000000000E+000
  1.000000000000000E+000  1.000000000000000E+000
  1.000000000000000E+000  1.000000000000000E+000  1.000000000000000E+000
  1.000000000000000E+000 -3.738216192129010E-022
 -4.650811224753227E-086 -6.650586675388298E-086 -9.781827371544600E-086
        </occupations>
      </ks_energies>
      <ks_energies>
        <k_point weight="5.5555555555555539E-002">
 -4.166666666666666E-001  4.166666666666666E-001  8.333333333333337E-002
        </k_point>
        <npw>96</npw>
        <eigenvalues size="13">
 -1.077462336342183E-001  1.318167184870511E+000  1.643581046332227E+000
  1.937130677152213E+000  3.598108925129845E+000
  3.653142082993001E+000  3.838394216871225E+000  4.075409496750825E+000
  4.208814907999863E+000  5.109211744443159E+000
  5.998028151872615E+000  6.459666924433747E+000  7.044843389324366E+000
        </eigenvalues>
        <occupations size="13">
  1.000000000000000E+000  1.000000000000000E+000  1.000000000000000E+000
  1.000000000000000E+000  1.000000000000000E+000
  1.000000000000000E+000  1.000000000000000E+000  1.000000000000000E+000
  1.000000000000000E+000 -1.941864710429231E-086
 -5.411715106025843E-086 -7.213906721982385E-086 -9.498377138169767E-086
        </occupations>
      </ks_energies>
      <ks_energies>
        <k_point weight="5.5555555555555539E-002">
  4.166666666666666E-001 -4.166666666666666E-001  9.166666666666666E-001
        </k_point>
        <npw>95</npw>
        <eigenvalues size="13">
  1.408393035158197E-001  1.108748452295697E+000  1.390633264672564E+000
  1.822905184274004E+000  3.337864839141174E+000
  3.849854736373752E+000  3.961149201550344E+000  4.085833710098530E+000
  4.297331711407491E+000  5.493780841354234E+000
  6.222207605181397E+000  6.390541189088971E+000  6.807533562679193E+000
        </eigenvalues>
        <occupations size="13">
  1.000000000000000E+000  1.000000000000000E+000  1.000000000000000E+000
  1.000000000000000E+000  1.000000000000000E+000
  1.000000000000000E+000  1.000000000000000E+000  1.000000000000000E+000
  1.000000000000000E+000 -3.443184017653016E-086
 -6.286889279506491E-086 -6.944046762009702E-086 -8.571943299886836E-086
        </occupations>
      </ks_energies>
      <ks_energies>
        <k_point weight="5.5555555555555539E-002">
  2.500000000000000E-001 -2.500000000000000E-001  7.500000000000000E-001
        </k_point>
        <npw>97</npw>
        <eigenvalues size="13">
  1.488030809279159E-001  1.077519021830696E+000  1.512051794634104E+000
  1.739446230873566E+000  3.203684101812240E+000
  3.587458860204078E+000  4.056453761773077E+000  4.167681869934873E+000
  4.573500241015506E+000  5.544782732790461E+000
  6.091012169878136E+000  6.433518371077693E+000  6.899931490148902E+000
        </eigenvalues>
        <occupations size="13">
  1.000000000000000E+000  1.000000000000000E+000  1.000000000000000E+000
  1.000000000000000E+000  1.000000000000000E+000
  1.000000000000000E+000  1.000000000000000E+000  1.000000000000000E+000
  1.000000431445934E+000 -3.642290302929613E-086
 -5.774715416285336E-086 -7.111825383869844E-086 -8.932655571288649E-086
        </occupations>
      </ks_energies>
      <ks_energies>
        <k_point weight="5.5555555555555539E-002">
 -2.500000000000000E-001  5.833333333333333E-001  2.500000000000000E-001
        </k_point>
        <npw>93</npw>
        <eigenvalues size="13">
 -1.171102503168560E-002  1.153818517655132E+000  1.738491666535713E+000
  1.803173159288964E+000  3.358074074193284E+000
  3.621955070562128E+000  3.895367124067584E+000  4.090588799311168E+000
  4.535998008631987E+000  5.209540997654170E+000
  5.953414286331904E+000  6.497751908585292E+000  7.006724666164285E+000
        </eigenvalues>
        <occupations size="13">
  1.000000000000000E+000  1.000000000000000E+000  1.000000000000000E+000
  1.000000000000000E+000  1.000000000000000E+000
  1.000000000000000E+000  1.000000000000000E+000  1.000000000000000E+000
  1.000000000000000E+000 -2.333540084594473E-086
 -5.237547035205419E-086 -7.362586692581394E-086 -9.349565453854473E-086
        </occupations>
      </ks_energies>
      <ks_energies>
        <k_point weight="0.11111111111111108">
  5.833333333333333E-001 -2.500000000000000E-001  1.083333333333333E+000
        </k_point>
        <npw>97</npw>
        <eigenvalues size="13">
  1.822156913335514E-001  1.127184335190572E+000  1.400389384688503E+000
  1.680180411224140E+000  3.391586157651037E+000
  3.619788380211584E+000  3.884540455055208E+000  4.223450217067184E+000
  4.476036962665535E+000  5.637976256513835E+000
  6.193421824035210E+000  6.431301924574454E+000  6.714706948377233E+000
        </eigenvalues>
        <occupations size="13">
  1.000000000000000E+000  1.000000000000000E+000  1.000000000000000E+000
  1.000000000000000E+000  1.000000000000000E+000
  1.000000000000000E+000  1.000000000000000E+000  1.000000000000000E+000
  1.000000000000000E+000 -4.006108502566367E-086
 -6.174512467756889E-086 -7.103172598309407E-086 -8.209557477949683E-086
        </occupations>
      </ks_energies>
      <ks_energies>
        <k_point weight="0.11111111111111108">
  4.166666666666666E-001 -8.333333333333337E-002  9.166666666666666E-001
        </k_point>
        <npw>101</npw>
        <eigenvalues size="13">
  2.844076701716547E-001  1.139767279632919E+000  1.295847720692676E+000
  1.555164074581318E+000  3.332319157416861E+000
  3.616857853147429E+000  3.950025912553818E+000  4.177949580629826E+000
  4.603921775384083E+000  5.893042698661549E+000
  6.184784938518523E+000  6.351410501380287E+000  6.615475956013032E+000
        </eigenvalues>
        <occupations size="13">
  1.000000000000000E+000  1.000000000000000E+000  1.000000000000000E+000
  1.000000000000000E+000  1.000000000000000E+000
  1.000000000000000E+000  1.000000000000000E+000  1.000000000000000E+000
  9.867362957557628E-001 -5.001862392561820E-086
 -6.140794930168367E-086 -6.791284469267351E-086 -7.822169604332269E-086
        </occupations>
      </ks_energies>
      <ks_energies>
        <k_point weight="5.5555555555555539E-002">
 -2.500000000000000E-001 -1.083333333333333E+000  2.500000000000000E-001
        </k_point>
        <npw>101</npw>
        <eigenvalues size="13">
  2.637319867477094E-001  1.084734853479570E+000  1.307337747309596E+000
  1.704401201449023E+000  3.113312708439787E+000
  3.561558334541078E+000  4.219342171829694E+000  4.246802899553503E+000
  4.511019251801791E+000  5.800470981792492E+000
  6.100512984596848E+000  6.369618442361480E+000  6.820975376811226E+000
        </eigenvalues>
        <occupations size="13">
  1.000000000000000E+000  1.000000000000000E+000  1.000000000000000E+000
  1.000000000000000E+000  1.000000000000000E+000
  1.000000000000000E+000  1.000000000000000E+000  1.000000000000000E+000
  1.000000000000000E+000 -4.640471664719469E-086
 -5.811805647107644E-086 -6.862366450527475E-086 -8.624418798419161E-086
        </occupations>
      </ks_energies>
      <ks_energies>
        <k_point weight="1.8518518518518514E-002">
 -4.166666666666666E-001  4.166666666666666E-001  4.166666666666666E-001
        </k_point>
        <npw>99</npw>
        <eigenvalues size="13">
  1.205389796002132E-002  9.569980722551346E-001  1.903578525004852E+000
  1.903578525050502E+000  3.420069427877730E+000
  3.634213082868925E+000  3.634213083695550E+000  4.483956879763443E+000
  4.483956880377820E+000  4.921322725049377E+000
  5.752151128276411E+000  6.415291279494969E+000  7.296498479483157E+000
        </eigenvalues>
        <occupations size="13">
  1.000000000000000E+000  1.000000000000000E+000  1.000000000000000E+000
  1.000000000000000E+000  1.000000000000000E+000
  1.000000000000000E+000  1.000000000000000E+000  1.000000000000000E+000
  1.000000000000000E+000 -1.208364762833453E-086
 -4.451835787347629E-086 -7.040668640575914E-086 -1.048081345104880E-085
        </occupations>
      </ks_energies>
      <ks_energies>
        <k_point weight="5.5555555555555539E-002">
  4.166666666666666E-001 -4.166666666666666E-001  1.250000000000000E+000
        </k_point>
        <npw>95</npw>
        <eigenvalues size="13">
  1.319108526812961E-001  9.422767847480500E-001  1.633092903925494E+000
  1.841629831277270E+000  3.402972152903362E+000
  3.662441404861292E+000  3.795973421940654E+000  4.263695681653405E+000
  4.460846873106014E+000  5.319536936610565E+000
  6.074243845800908E+000  6.316099871493935E+000  6.949880340356628E+000
        </eigenvalues>
        <occupations size="13">
  1.000000000000000E+000  1.000000000000000E+000  1.000000000000000E+000
  1.000000000000000E+000  1.000000000000000E+000
  1.000000000000000E+000  1.000000000000000E+000  1.000000000000000E+000
  1.000000000000000E+000 -2.762953233487275E-086
 -5.709253555493262E-086 -6.653435300354874E-086 -9.127650888886484E-086
        </occupations>
      </ks_energies>
    </band_structure>
  </output>
  <exit_status>0</exit_status>
  <timing_info>
    <total label="PWSCF">
      <cpu>1.828028000000000E+000</cpu>
      <wall>2.519102096557617E+000</wall>
    </total>
    <partial label="init_run" calls="1">
      <cpu>5.860790000000000E-001</cpu>
      <wall>6.096169948577881E-001</wall>
    </partial>
    <partial label="hinit0" calls="1">
      <cpu>3.552800000000000E-001</cpu>
      <wall>3.543918132781982E-001</wall>
    </partial>
    <partial label="init_vloc" calls="1">
      <cpu>2.334300000000002E-002</cpu>
      <wall>2.329587936401367E-002</wall>
    </partial>
    <partial label="init_us_1" calls="1">
      <cpu>1.646470000000000E-001</cpu>
      <wall>1.642730236053467E-001</wall>
    </partial>
    <partial label="fft" calls="76">
      <cpu>8.844699999999972E-002</cpu>
      <wall>8.833885192871094E-002</wall>
    </partial>
    <partial label="potinit" calls="1">
      <cpu>1.931830000000000E-001</cpu>
      <wall>2.146251201629639E-001</wall>
    </partial>
    <partial label="PAW_symme" calls="11">
      <cpu>2.054999999999918E-003</cpu>
      <wall>2.388477325439453E-003</wall>
    </partial>
    <partial label="v_of_rho" calls="6">
      <cpu>9.582000000000201E-003</cpu>
      <wall>9.731292724609375E-003</wall>
    </partial>
    <partial label="v_xc" calls="6">
      <cpu>9.179999999999966E-003</cpu>
      <wall>9.323358535766602E-003</wall>
    </partial>
    <partial label="v_h" calls="6">
      <cpu>3.759999999997099E-004</cpu>
      <wall>3.840923309326172E-004</wall>
    </partial>
    <partial label="PAW_pot" calls="6">
      <cpu>9.237930000000001E-001</cpu>
      <wall>1.044559001922607E+000</wall>
    </partial>
    <partial label="interpolate" calls="6">
      <cpu>1.592000000000016E-002</cpu>
      <wall>1.659655570983887E-002</wall>
    </partial>
    <partial label="ffts" calls="11">
      <cpu>1.551600000000009E-002</cpu>
      <wall>1.615023612976074E-002</wall>
    </partial>
    <partial label="newd" calls="6">
      <cpu>2.730600000000005E-002</cpu>
      <wall>2.848196029663086E-002</wall>
    </partial>
    <partial label="wfcinit" calls="1">
      <cpu>2.822000000000002E-002</cpu>
      <wall>3.054094314575195E-002</wall>
    </partial>
    <partial label="init_us_2" calls="308">
      <cpu>6.009000000001929E-003</cpu>
      <wall>7.138252258300781E-003</wall>
    </partial>
    <partial label="wfcinit:atom" calls="28">
      <cpu>4.569999999998187E-004</cpu>
      <wall>4.568099975585938E-004</wall>
    </partial>
    <partial label="atomic_wfc" calls="28">
      <cpu>4.129999999995526E-004</cpu>
      <wall>4.110336303710938E-004</wall>
    </partial>
    <partial label="wfcinit:wfcr" calls="28">
      <cpu>2.658399999999983E-002</cpu>
      <wall>2.651071548461914E-002</wall>
    </partial>
    <partial label="wfcrot" calls="28">
      <cpu>2.653600000000023E-002</cpu>
      <wall>2.646279335021973E-002</wall>
    </partial>
    <partial label="rotwfck" calls="28">
      <cpu>2.648199999999978E-002</cpu>
      <wall>2.641177177429199E-002</wall>
    </partial>
    <partial label="rotwfck:hpsi" calls="28">
      <cpu>2.154999999999996E-002</cpu>
      <wall>2.149033546447754E-002</wall>
    </partial>
    <partial label="h_psi_bgrp" calls="571">
      <cpu>1.577289999999991E-001</cpu>
      <wall>1.787424087524414E-001</wall>
    </partial>
    <partial label="h_psi" calls="571">
      <cpu>1.568870000000033E-001</cpu>
      <wall>1.777975559234619E-001</wall>
    </partial>
    <partial label="h_psi:pot" calls="571">
      <cpu>1.553640000000003E-001</cpu>
      <wall>1.760351657867432E-001</wall>
    </partial>
    <partial label="vloc_psi" calls="571">
      <cpu>1.264669999999994E-001</cpu>
      <wall>1.429326534271240E-001</wall>
    </partial>
    <partial label="fftw" calls="12054">
      <cpu>9.926199999998708E-002</cpu>
      <wall>1.132135391235352E-001</wall>
    </partial>
    <partial label="h_psi:calbec" calls="571">
      <cpu>1.264499999999935E-002</cpu>
      <wall>1.456427574157715E-002</wall>
    </partial>
    <partial label="calbec" calls="711">
      <cpu>1.540099999999955E-002</cpu>
      <wall>1.814436912536621E-002</wall>
    </partial>
    <partial label="add_vuspsi" calls="571">
      <cpu>1.453100000000185E-002</cpu>
      <wall>1.659107208251953E-002</wall>
    </partial>
    <partial label="rotwfck:hc" calls="28">
      <cpu>2.710999999999686E-003</cpu>
      <wall>2.696752548217773E-003</wall>
    </partial>
    <partial label="s_psi_bgrp" calls="571">
      <cpu>1.550899999999777E-002</cpu>
      <wall>1.771211624145508E-002</wall>
    </partial>
    <partial label="s_psi" calls="571">
      <cpu>1.442499999999858E-002</cpu>
      <wall>1.655721664428711E-002</wall>
    </partial>
    <partial label="rotwfck:diag" calls="28">
      <cpu>1.304999999999445E-003</cpu>
      <wall>1.286745071411133E-003</wall>
    </partial>
    <partial label="cdiaghg" calls="543">
      <cpu>6.246799999999753E-002</cpu>
      <wall>7.257962226867676E-002</wall>
    </partial>
    <partial label="rotwfck:evc" calls="28">
      <cpu>8.059999999995293E-004</cpu>
      <wall>8.029937744140625E-004</wall>
    </partial>
    <partial label="electrons" calls="1">
      <cpu>1.155837000000000E+000</cpu>
      <wall>1.627026081085205E+000</wall>
    </partial>
    <partial label="c_bands" calls="5">
      <cpu>3.032680000000001E-001</cpu>
      <wall>6.305692195892334E-001</wall>
    </partial>
    <partial label="cegterg" calls="140">
      <cpu>2.821240000000025E-001</cpu>
      <wall>3.264768123626709E-001</wall>
    </partial>
    <partial label="cegterg:init" calls="140">
      <cpu>6.829999999999448E-003</cpu>
      <wall>8.120536804199219E-003</wall>
    </partial>
    <partial label="cegterg:upda" calls="403">
      <cpu>1.068599999999575E-002</cpu>
      <wall>1.237177848815918E-002</wall>
    </partial>
    <partial label="g_psi" calls="403">
      <cpu>2.401000000000542E-003</cpu>
      <wall>2.780199050903320E-003</wall>
    </partial>
    <partial label="cegterg:over" calls="403">
      <cpu>1.886699999999819E-002</cpu>
      <wall>2.167487144470215E-002</wall>
    </partial>
    <partial label="cegterg:diag" calls="515">
      <cpu>6.205000000000194E-002</cpu>
      <wall>7.224297523498535E-002</wall>
    </partial>
    <partial label="cegterg:last" calls="307">
      <cpu>2.614599999999978E-002</cpu>
      <wall>3.012084960937500E-002</wall>
    </partial>
    <partial label="sum_band" calls="5">
      <cpu>4.935799999999957E-002</cpu>
      <wall>5.688285827636719E-002</wall>
    </partial>
    <partial label="sum_band:wei" calls="5">
      <cpu>9.730000000001127E-004</cpu>
      <wall>1.291036605834961E-003</wall>
    </partial>
    <partial label="sum_band:loo" calls="5">
      <cpu>2.362299999999973E-002</cpu>
      <wall>2.995848655700684E-002</wall>
    </partial>
    <partial label="sum_band:buf" calls="140">
      <cpu>3.019999999991363E-004</cpu>
      <wall>3.507137298583984E-004</wall>
    </partial>
    <partial label="sum_band:ini" calls="140">
      <cpu>2.462999999999216E-003</cpu>
      <wall>3.111600875854492E-003</wall>
    </partial>
    <partial label="sum_band:cal" calls="140">
      <cpu>3.826000000000551E-003</cpu>
      <wall>4.858255386352539E-003</wall>
    </partial>
    <partial label="sum_band:bec" calls="140">
      <cpu>7.079999999999309E-004</cpu>
      <wall>9.069442749023438E-004</wall>
    </partial>
    <partial label="addusdens" calls="5">
      <cpu>2.246399999999982E-002</cpu>
      <wall>2.307605743408203E-002</wall>
    </partial>
    <partial label="addusd:skk" calls="5">
      <cpu>4.800000000027005E-005</cpu>
      <wall>5.912780761718750E-005</wall>
    </partial>
    <partial label="sum_band:sym" calls="5">
      <cpu>1.276000000000499E-003</cpu>
      <wall>1.296997070312500E-003</wall>
    </partial>
    <partial label="mix_rho" calls="5">
      <cpu>9.019999999999584E-004</cpu>
      <wall>9.162425994873047E-004</wall>
    </partial>
    <partial label="high_freq_mi" calls="4">
      <cpu>3.649999999999487E-004</cpu>
      <wall>3.697872161865234E-004</wall>
    </partial>
    <partial label="ions" calls="1">
      <cpu>9.999999999177334E-007</cpu>
      <wall>9.536743164062500E-007</wall>
    </partial>
  </timing_info>
  <closed DATE="21 Apr 2025" TIME="23:43:19"></closed>
</qes:espresso>
