<?xml version="1.0" encoding="UTF-8"?>
<qes:espresso xmlns:xsi="http://www.w3.org/2001/XMLSchema-instance" xmlns:qes="http://www.quantum-espresso.org/ns/qes/qes-1.0" xsi:schemaLocation="http://www.quantum-espresso.org/ns/qes/qes-1.0 http://www.quantum-espresso.org/ns/qes/qes_250412.xsd" Units="Hartree atomic units">
<!-- All quantities are in Hartree atomic units unless otherwise specified -->
  <general_info>
    <xml_format NAME="QEXSD" VERSION="24.11.04">QEXSD_24.11.04</xml_format>
    <creator NAME="PWSCF" VERSION="7.4.1">XML file generated by PWSCF</creator>
    <created DATE="21Apr2025" TIME="22:13:11">This run was terminated on:  22:13:11  21 Apr 2025</created>
    <job></job>
  </general_info>
  <parallel_info>
    <nprocs>1</nprocs>
    <nthreads>1</nthreads>
    <ntasks>1</ntasks>
    <nbgrp>1</nbgrp>
    <npool>1</npool>
    <ndiag>1</ndiag>
  </parallel_info>
  <input>
    <control_variables>
      <title></title>
      <calculation>scf</calculation>
      <restart_mode>from_scratch</restart_mode>
      <prefix>fe</prefix>
      <pseudo_dir>../../pseudopotentials/</pseudo_dir>
      <outdir>./tmp</outdir>
      <stress>false</stress>
      <forces>false</forces>
      <wf_collect>true</wf_collect>
      <disk_io>low</disk_io>
      <max_seconds>10000000</max_seconds>
      <nstep>1</nstep>
      <etot_conv_thr>5.000000000000000E-005</etot_conv_thr>
      <forc_conv_thr>5.000000000000000E-004</forc_conv_thr>
      <press_conv_thr>5.000000000000000E-001</press_conv_thr>
      <verbosity>low</verbosity>
      <print_every>100000</print_every>
      <fcp>false</fcp>
      <rism>false</rism>
    </control_variables>
    <atomic_species ntyp="1">
      <species name="Fe">
        <mass>5.584500000000000E+001</mass>
        <pseudo_file>Fe.pbesol-spn-kjpaw_psl.1.0.0.UPF</pseudo_file>
      </species>
    </atomic_species>
    <atomic_structure nat="1" alat="2.9847999999999999" bravais_index="2">
      <atomic_positions>
        <atom name="Fe" index="1">0.000000000000000E+000  0.000000000000000E+000  0.000000000000000E+000</atom>
      </atomic_positions>
      <cell>
        <a1>-1.492400000000000E+000  0.000000000000000E+000  1.492400000000000E+000</a1>
        <a2>0.000000000000000E+000  1.492400000000000E+000  1.492400000000000E+000</a2>
        <a3>-1.492400000000000E+000  1.492400000000000E+000  0.000000000000000E+000</a3>
      </cell>
    </atomic_structure>
    <dft>
      <functional>PBESOL</functional>
    </dft>
    <spin>
      <lsda>false</lsda>
      <noncolin>false</noncolin>
      <spinorbit>false</spinorbit>
    </spin>
    <bands>
      <smearing degauss="1.0000000000000000E-002">mp</smearing>
      <tot_charge>0.000000000000000E+000</tot_charge>
      <occupations>smearing</occupations>
    </bands>
    <basis>
      <gamma_only>false</gamma_only>
      <ecutwfc>3.000000000000000E+001</ecutwfc>
      <ecutrho>2.400000000000000E+002</ecutrho>
    </basis>
    <electron_control>
      <diagonalization>davidson</diagonalization>
      <mixing_mode>plain</mixing_mode>
      <mixing_beta>7.000000000000000E-001</mixing_beta>
      <conv_thr>5.000000000000000E-007</conv_thr>
      <mixing_ndim>8</mixing_ndim>
      <max_nstep>100</max_nstep>
      <exx_nstep>100</exx_nstep>
      <real_space_q>false</real_space_q>
      <real_space_beta>false</real_space_beta>
      <tq_smoothing>false</tq_smoothing>
      <tbeta_smoothing>false</tbeta_smoothing>
      <diago_thr_init>0.000000000000000E+000</diago_thr_init>
      <diago_full_acc>false</diago_full_acc>
      <diago_cg_maxiter>20</diago_cg_maxiter>
      <diago_rmm_ndim>4</diago_rmm_ndim>
      <diago_gs_nblock>16</diago_gs_nblock>
      <diago_rmm_conv>false</diago_rmm_conv>
    </electron_control>
    <k_points_IBZ>
      <monkhorst_pack nk1="6" nk2="6" nk3="6" k1="1" k2="1" k3="1">Uniform grid with offset</monkhorst_pack>
    </k_points_IBZ>
    <ion_control>
      <ion_dynamics>none</ion_dynamics>
      <upscale>1.000000000000000E+002</upscale>
      <remove_rigid_rot>false</remove_rigid_rot>
      <refold_pos>false</refold_pos>
    </ion_control>
    <cell_control>
      <cell_dynamics>none</cell_dynamics>
      <pressure>0.000000000000000E+000</pressure>
      <wmass>0.000000000000000E+000</wmass>
      <cell_do_free>all</cell_do_free>
    </cell_control>
    <symmetry_flags>
      <nosym>false</nosym>
      <nosym_evc>false</nosym_evc>
      <noinv>false</noinv>
      <no_t_rev>false</no_t_rev>
      <force_symmorphic>false</force_symmorphic>
      <use_all_frac>false</use_all_frac>
    </symmetry_flags>
    <free_positions rank="2" dims="           3           1">
           1           1           1
    </free_positions>
    <twoch_>
      <twochem>false</twochem>
      <nbnd_cond>0</nbnd_cond>
      <degauss_cond>0.000000000000000E+000</degauss_cond>
      <nelec_cond>0.000000000000000E+000</nelec_cond>
    </twoch_>
  </input>
  <output>
    <convergence_info>
      <scf_conv>
        <convergence_achieved>true</convergence_achieved>
        <n_scf_steps>7</n_scf_steps>
        <scf_error>8.038238829582688E-008</scf_error>
      </scf_conv>
      <wf_collected>true</wf_collected>
    </convergence_info>
    <algorithmic_info>
      <real_space_q>false</real_space_q>
      <real_space_beta>false</real_space_beta>
      <uspp>true</uspp>
      <paw>true</paw>
    </algorithmic_info>
    <atomic_species ntyp="1" pseudo_dir="../../pseudopotentials/">
      <species name="Fe">
        <mass>5.584500000000000E+001</mass>
        <pseudo_file>Fe.pbesol-spn-kjpaw_psl.1.0.0.UPF</pseudo_file>
      </species>
    </atomic_species>
    <atomic_structure nat="1" num_of_atomic_wfc="10" alat="2.9847999999999999" bravais_index="2">
      <atomic_positions>
        <atom name="Fe" index="1">
  0.000000000000000E+000  0.000000000000000E+000  0.000000000000000E+000
        </atom>
      </atomic_positions>
      <cell>
        <a1>-1.492400000000000E+000  0.000000000000000E+000  1.492400000000000E+000</a1>
        <a2>0.000000000000000E+000  1.492400000000000E+000  1.492400000000000E+000</a2>
        <a3>-1.492400000000000E+000  1.492400000000000E+000  0.000000000000000E+000</a3>
      </cell>
    </atomic_structure>
    <symmetries>
      <nsym>48</nsym>
      <colin_mag>-1</colin_mag>
      <nrot>48</nrot>
      <space_group>0</space_group>
      <symmetry>
        <info name="identity">crystal_symmetry</info>
        <rotation rank="2" dims="           3           3">
  1.000000000000000E+000  0.000000000000000E+000  0.000000000000000E+000
  0.000000000000000E+000  1.000000000000000E+000  0.000000000000000E+000
  0.000000000000000E+000  0.000000000000000E+000  1.000000000000000E+000
        </rotation>
        <fractional_translation>
  0.000000000000000E+000  0.000000000000000E+000  0.000000000000000E+000
        </fractional_translation>
        <equivalent_atoms size="1" nat="1">
           1
        </equivalent_atoms>
      </symmetry>
      <symmetry>
        <info name="180 deg rotation - cart. axis [0,0,1]">crystal_symmetry</info>
        <rotation rank="2" dims="           3           3">
  0.000000000000000E+000  1.000000000000000E+000  0.000000000000000E+000
  1.000000000000000E+000  0.000000000000000E+000  0.000000000000000E+000
 -1.000000000000000E+000 -1.000000000000000E+000 -1.000000000000000E+000
        </rotation>
        <fractional_translation>
  0.000000000000000E+000  0.000000000000000E+000  0.000000000000000E+000
        </fractional_translation>
        <equivalent_atoms size="1" nat="1">
           1
        </equivalent_atoms>
      </symmetry>
      <symmetry>
        <info name="180 deg rotation - cart. axis [0,1,0]">crystal_symmetry</info>
        <rotation rank="2" dims="           3           3">
 -1.000000000000000E+000 -1.000000000000000E+000 -1.000000000000000E+000
  0.000000000000000E+000  0.000000000000000E+000  1.000000000000000E+000
  0.000000000000000E+000  1.000000000000000E+000  0.000000000000000E+000
        </rotation>
        <fractional_translation>
  0.000000000000000E+000  0.000000000000000E+000  0.000000000000000E+000
        </fractional_translation>
        <equivalent_atoms size="1" nat="1">
           1
        </equivalent_atoms>
      </symmetry>
      <symmetry>
        <info name="180 deg rotation - cart. axis [1,0,0]">crystal_symmetry</info>
        <rotation rank="2" dims="           3           3">
  0.000000000000000E+000  0.000000000000000E+000  1.000000000000000E+000
 -1.000000000000000E+000 -1.000000000000000E+000 -1.000000000000000E+000
  1.000000000000000E+000  0.000000000000000E+000  0.000000000000000E+000
        </rotation>
        <fractional_translation>
  0.000000000000000E+000  0.000000000000000E+000  0.000000000000000E+000
        </fractional_translation>
        <equivalent_atoms size="1" nat="1">
           1
        </equivalent_atoms>
      </symmetry>
      <symmetry>
        <info name="180 deg rotation - cart. axis [1,1,0]">crystal_symmetry</info>
        <rotation rank="2" dims="           3           3">
  0.000000000000000E+000 -1.000000000000000E+000  0.000000000000000E+000
 -1.000000000000000E+000  0.000000000000000E+000  0.000000000000000E+000
  0.000000000000000E+000  0.000000000000000E+000 -1.000000000000000E+000
        </rotation>
        <fractional_translation>
  0.000000000000000E+000  0.000000000000000E+000  0.000000000000000E+000
        </fractional_translation>
        <equivalent_atoms size="1" nat="1">
           1
        </equivalent_atoms>
      </symmetry>
      <symmetry>
        <info name="180 deg rotation - cart. axis [1,-1,0]">crystal_symmetry</info>
        <rotation rank="2" dims="           3           3">
 -1.000000000000000E+000  0.000000000000000E+000  0.000000000000000E+000
  0.000000000000000E+000 -1.000000000000000E+000  0.000000000000000E+000
  1.000000000000000E+000  1.000000000000000E+000  1.000000000000000E+000
        </rotation>
        <fractional_translation>
  0.000000000000000E+000  0.000000000000000E+000  0.000000000000000E+000
        </fractional_translation>
        <equivalent_atoms size="1" nat="1">
           1
        </equivalent_atoms>
      </symmetry>
      <symmetry>
        <info name=" 90 deg rotation - cart. axis [0,0,-1]">crystal_symmetry</info>
        <rotation rank="2" dims="           3           3">
  0.000000000000000E+000  0.000000000000000E+000 -1.000000000000000E+000
  1.000000000000000E+000  1.000000000000000E+000  1.000000000000000E+000
  0.000000000000000E+000 -1.000000000000000E+000  0.000000000000000E+000
        </rotation>
        <fractional_translation>
  0.000000000000000E+000  0.000000000000000E+000  0.000000000000000E+000
        </fractional_translation>
        <equivalent_atoms size="1" nat="1">
           1
        </equivalent_atoms>
      </symmetry>
      <symmetry>
        <info name=" 90 deg rotation - cart. axis [0,0,1]">crystal_symmetry</info>
        <rotation rank="2" dims="           3           3">
  1.000000000000000E+000  1.000000000000000E+000  1.000000000000000E+000
  0.000000000000000E+000  0.000000000000000E+000 -1.000000000000000E+000
 -1.000000000000000E+000  0.000000000000000E+000  0.000000000000000E+000
        </rotation>
        <fractional_translation>
  0.000000000000000E+000  0.000000000000000E+000  0.000000000000000E+000
        </fractional_translation>
        <equivalent_atoms size="1" nat="1">
           1
        </equivalent_atoms>
      </symmetry>
      <symmetry>
        <info name="180 deg rotation - cart. axis [1,0,1]">crystal_symmetry</info>
        <rotation rank="2" dims="           3           3">
 -1.000000000000000E+000  0.000000000000000E+000  0.000000000000000E+000
  0.000000000000000E+000  0.000000000000000E+000 -1.000000000000000E+000
  0.000000000000000E+000 -1.000000000000000E+000  0.000000000000000E+000
        </rotation>
        <fractional_translation>
  0.000000000000000E+000  0.000000000000000E+000  0.000000000000000E+000
        </fractional_translation>
        <equivalent_atoms size="1" nat="1">
           1
        </equivalent_atoms>
      </symmetry>
      <symmetry>
        <info name="180 deg rotation - cart. axis [-1,0,1]">crystal_symmetry</info>
        <rotation rank="2" dims="           3           3">
  1.000000000000000E+000  1.000000000000000E+000  1.000000000000000E+000
  0.000000000000000E+000 -1.000000000000000E+000  0.000000000000000E+000
  0.000000000000000E+000  0.000000000000000E+000 -1.000000000000000E+000
        </rotation>
        <fractional_translation>
  0.000000000000000E+000  0.000000000000000E+000  0.000000000000000E+000
        </fractional_translation>
        <equivalent_atoms size="1" nat="1">
           1
        </equivalent_atoms>
      </symmetry>
      <symmetry>
        <info name=" 90 deg rotation - cart. axis [0,1,0]">crystal_symmetry</info>
        <rotation rank="2" dims="           3           3">
  0.000000000000000E+000 -1.000000000000000E+000  0.000000000000000E+000
  1.000000000000000E+000  1.000000000000000E+000  1.000000000000000E+000
 -1.000000000000000E+000  0.000000000000000E+000  0.000000000000000E+000
        </rotation>
        <fractional_translation>
  0.000000000000000E+000  0.000000000000000E+000  0.000000000000000E+000
        </fractional_translation>
        <equivalent_atoms size="1" nat="1">
           1
        </equivalent_atoms>
      </symmetry>
      <symmetry>
        <info name=" 90 deg rotation - cart. axis [0,-1,0]">crystal_symmetry</info>
        <rotation rank="2" dims="           3           3">
  0.000000000000000E+000  0.000000000000000E+000 -1.000000000000000E+000
 -1.000000000000000E+000  0.000000000000000E+000  0.000000000000000E+000
  1.000000000000000E+000  1.000000000000000E+000  1.000000000000000E+000
        </rotation>
        <fractional_translation>
  0.000000000000000E+000  0.000000000000000E+000  0.000000000000000E+000
        </fractional_translation>
        <equivalent_atoms size="1" nat="1">
           1
        </equivalent_atoms>
      </symmetry>
      <symmetry>
        <info name="180 deg rotation - cart. axis [0,1,1]">crystal_symmetry</info>
        <rotation rank="2" dims="           3           3">
 -1.000000000000000E+000  0.000000000000000E+000  0.000000000000000E+000
  1.000000000000000E+000  1.000000000000000E+000  1.000000000000000E+000
  0.000000000000000E+000  0.000000000000000E+000 -1.000000000000000E+000
        </rotation>
        <fractional_translation>
  0.000000000000000E+000  0.000000000000000E+000  0.000000000000000E+000
        </fractional_translation>
        <equivalent_atoms size="1" nat="1">
           1
        </equivalent_atoms>
      </symmetry>
      <symmetry>
        <info name="180 deg rotation - cart. axis [0,1,-1]">crystal_symmetry</info>
        <rotation rank="2" dims="           3           3">
  0.000000000000000E+000  0.000000000000000E+000 -1.000000000000000E+000
  0.000000000000000E+000 -1.000000000000000E+000  0.000000000000000E+000
 -1.000000000000000E+000  0.000000000000000E+000  0.000000000000000E+000
        </rotation>
        <fractional_translation>
  0.000000000000000E+000  0.000000000000000E+000  0.000000000000000E+000
        </fractional_translation>
        <equivalent_atoms size="1" nat="1">
           1
        </equivalent_atoms>
      </symmetry>
      <symmetry>
        <info name=" 90 deg rotation - cart. axis [-1,0,0]">crystal_symmetry</info>
        <rotation rank="2" dims="           3           3">
  0.000000000000000E+000 -1.000000000000000E+000  0.000000000000000E+000
  0.000000000000000E+000  0.000000000000000E+000 -1.000000000000000E+000
  1.000000000000000E+000  1.000000000000000E+000  1.000000000000000E+000
        </rotation>
        <fractional_translation>
  0.000000000000000E+000  0.000000000000000E+000  0.000000000000000E+000
        </fractional_translation>
        <equivalent_atoms size="1" nat="1">
           1
        </equivalent_atoms>
      </symmetry>
      <symmetry>
        <info name=" 90 deg rotation - cart. axis [1,0,0]">crystal_symmetry</info>
        <rotation rank="2" dims="           3           3">
  1.000000000000000E+000  1.000000000000000E+000  1.000000000000000E+000
 -1.000000000000000E+000  0.000000000000000E+000  0.000000000000000E+000
  0.000000000000000E+000 -1.000000000000000E+000  0.000000000000000E+000
        </rotation>
        <fractional_translation>
  0.000000000000000E+000  0.000000000000000E+000  0.000000000000000E+000
        </fractional_translation>
        <equivalent_atoms size="1" nat="1">
           1
        </equivalent_atoms>
      </symmetry>
      <symmetry>
        <info name="120 deg rotation - cart. axis [-1,-1,-1]">crystal_symmetry</info>
        <rotation rank="2" dims="           3           3">
 -1.000000000000000E+000 -1.000000000000000E+000 -1.000000000000000E+000
  0.000000000000000E+000  1.000000000000000E+000  0.000000000000000E+000
  1.000000000000000E+000  0.000000000000000E+000  0.000000000000000E+000
        </rotation>
        <fractional_translation>
  0.000000000000000E+000  0.000000000000000E+000  0.000000000000000E+000
        </fractional_translation>
        <equivalent_atoms size="1" nat="1">
           1
        </equivalent_atoms>
      </symmetry>
      <symmetry>
        <info name="120 deg rotation - cart. axis [-1,1,1]">crystal_symmetry</info>
        <rotation rank="2" dims="           3           3">
  0.000000000000000E+000  0.000000000000000E+000  1.000000000000000E+000
  1.000000000000000E+000  0.000000000000000E+000  0.000000000000000E+000
  0.000000000000000E+000  1.000000000000000E+000  0.000000000000000E+000
        </rotation>
        <fractional_translation>
  0.000000000000000E+000  0.000000000000000E+000  0.000000000000000E+000
        </fractional_translation>
        <equivalent_atoms size="1" nat="1">
           1
        </equivalent_atoms>
      </symmetry>
      <symmetry>
        <info name="120 deg rotation - cart. axis [1,1,-1]">crystal_symmetry</info>
        <rotation rank="2" dims="           3           3">
  1.000000000000000E+000  0.000000000000000E+000  0.000000000000000E+000
  0.000000000000000E+000  0.000000000000000E+000  1.000000000000000E+000
 -1.000000000000000E+000 -1.000000000000000E+000 -1.000000000000000E+000
        </rotation>
        <fractional_translation>
  0.000000000000000E+000  0.000000000000000E+000  0.000000000000000E+000
        </fractional_translation>
        <equivalent_atoms size="1" nat="1">
           1
        </equivalent_atoms>
      </symmetry>
      <symmetry>
        <info name="120 deg rotation - cart. axis [1,-1,1]">crystal_symmetry</info>
        <rotation rank="2" dims="           3           3">
  0.000000000000000E+000  1.000000000000000E+000  0.000000000000000E+000
 -1.000000000000000E+000 -1.000000000000000E+000 -1.000000000000000E+000
  0.000000000000000E+000  0.000000000000000E+000  1.000000000000000E+000
        </rotation>
        <fractional_translation>
  0.000000000000000E+000  0.000000000000000E+000  0.000000000000000E+000
        </fractional_translation>
        <equivalent_atoms size="1" nat="1">
           1
        </equivalent_atoms>
      </symmetry>
      <symmetry>
        <info name="120 deg rotation - cart. axis [1,1,1]">crystal_symmetry</info>
        <rotation rank="2" dims="           3           3">
  0.000000000000000E+000  0.000000000000000E+000  1.000000000000000E+000
  0.000000000000000E+000  1.000000000000000E+000  0.000000000000000E+000
 -1.000000000000000E+000 -1.000000000000000E+000 -1.000000000000000E+000
        </rotation>
        <fractional_translation>
  0.000000000000000E+000  0.000000000000000E+000  0.000000000000000E+000
        </fractional_translation>
        <equivalent_atoms size="1" nat="1">
           1
        </equivalent_atoms>
      </symmetry>
      <symmetry>
        <info name="120 deg rotation - cart. axis [-1,1,-1]">crystal_symmetry</info>
        <rotation rank="2" dims="           3           3">
 -1.000000000000000E+000 -1.000000000000000E+000 -1.000000000000000E+000
  1.000000000000000E+000  0.000000000000000E+000  0.000000000000000E+000
  0.000000000000000E+000  0.000000000000000E+000  1.000000000000000E+000
        </rotation>
        <fractional_translation>
  0.000000000000000E+000  0.000000000000000E+000  0.000000000000000E+000
        </fractional_translation>
        <equivalent_atoms size="1" nat="1">
           1
        </equivalent_atoms>
      </symmetry>
      <symmetry>
        <info name="120 deg rotation - cart. axis [1,-1,-1]">crystal_symmetry</info>
        <rotation rank="2" dims="           3           3">
  0.000000000000000E+000  1.000000000000000E+000  0.000000000000000E+000
  0.000000000000000E+000  0.000000000000000E+000  1.000000000000000E+000
  1.000000000000000E+000  0.000000000000000E+000  0.000000000000000E+000
        </rotation>
        <fractional_translation>
  0.000000000000000E+000  0.000000000000000E+000  0.000000000000000E+000
        </fractional_translation>
        <equivalent_atoms size="1" nat="1">
           1
        </equivalent_atoms>
      </symmetry>
      <symmetry>
        <info name="120 deg rotation - cart. axis [-1,-1,1]">crystal_symmetry</info>
        <rotation rank="2" dims="           3           3">
  1.000000000000000E+000  0.000000000000000E+000  0.000000000000000E+000
 -1.000000000000000E+000 -1.000000000000000E+000 -1.000000000000000E+000
  0.000000000000000E+000  1.000000000000000E+000  0.000000000000000E+000
        </rotation>
        <fractional_translation>
  0.000000000000000E+000  0.000000000000000E+000  0.000000000000000E+000
        </fractional_translation>
        <equivalent_atoms size="1" nat="1">
           1
        </equivalent_atoms>
      </symmetry>
      <symmetry>
        <info name="inversion">crystal_symmetry</info>
        <rotation rank="2" dims="           3           3">
 -1.000000000000000E+000  0.000000000000000E+000  0.000000000000000E+000
  0.000000000000000E+000 -1.000000000000000E+000  0.000000000000000E+000
  0.000000000000000E+000  0.000000000000000E+000 -1.000000000000000E+000
        </rotation>
        <fractional_translation>
  0.000000000000000E+000  0.000000000000000E+000  0.000000000000000E+000
        </fractional_translation>
        <equivalent_atoms size="1" nat="1">
           1
        </equivalent_atoms>
      </symmetry>
      <symmetry>
        <info name="inv. 180 deg rotation - cart. axis [0,0,1]">crystal_symmetry</info>
        <rotation rank="2" dims="           3           3">
  0.000000000000000E+000 -1.000000000000000E+000  0.000000000000000E+000
 -1.000000000000000E+000  0.000000000000000E+000  0.000000000000000E+000
  1.000000000000000E+000  1.000000000000000E+000  1.000000000000000E+000
        </rotation>
        <fractional_translation>
  0.000000000000000E+000  0.000000000000000E+000  0.000000000000000E+000
        </fractional_translation>
        <equivalent_atoms size="1" nat="1">
           1
        </equivalent_atoms>
      </symmetry>
      <symmetry>
        <info name="inv. 180 deg rotation - cart. axis [0,1,0]">crystal_symmetry</info>
        <rotation rank="2" dims="           3           3">
  1.000000000000000E+000  1.000000000000000E+000  1.000000000000000E+000
  0.000000000000000E+000  0.000000000000000E+000 -1.000000000000000E+000
  0.000000000000000E+000 -1.000000000000000E+000  0.000000000000000E+000
        </rotation>
        <fractional_translation>
  0.000000000000000E+000  0.000000000000000E+000  0.000000000000000E+000
        </fractional_translation>
        <equivalent_atoms size="1" nat="1">
           1
        </equivalent_atoms>
      </symmetry>
      <symmetry>
        <info name="inv. 180 deg rotation - cart. axis [1,0,0]">crystal_symmetry</info>
        <rotation rank="2" dims="           3           3">
  0.000000000000000E+000  0.000000000000000E+000 -1.000000000000000E+000
  1.000000000000000E+000  1.000000000000000E+000  1.000000000000000E+000
 -1.000000000000000E+000  0.000000000000000E+000  0.000000000000000E+000
        </rotation>
        <fractional_translation>
  0.000000000000000E+000  0.000000000000000E+000  0.000000000000000E+000
        </fractional_translation>
        <equivalent_atoms size="1" nat="1">
           1
        </equivalent_atoms>
      </symmetry>
      <symmetry>
        <info name="inv. 180 deg rotation - cart. axis [1,1,0]">crystal_symmetry</info>
        <rotation rank="2" dims="           3           3">
  0.000000000000000E+000  1.000000000000000E+000  0.000000000000000E+000
  1.000000000000000E+000  0.000000000000000E+000  0.000000000000000E+000
  0.000000000000000E+000  0.000000000000000E+000  1.000000000000000E+000
        </rotation>
        <fractional_translation>
  0.000000000000000E+000  0.000000000000000E+000  0.000000000000000E+000
        </fractional_translation>
        <equivalent_atoms size="1" nat="1">
           1
        </equivalent_atoms>
      </symmetry>
      <symmetry>
        <info name="inv. 180 deg rotation - cart. axis [1,-1,0]">crystal_symmetry</info>
        <rotation rank="2" dims="           3           3">
  1.000000000000000E+000  0.000000000000000E+000  0.000000000000000E+000
  0.000000000000000E+000  1.000000000000000E+000  0.000000000000000E+000
 -1.000000000000000E+000 -1.000000000000000E+000 -1.000000000000000E+000
        </rotation>
        <fractional_translation>
  0.000000000000000E+000  0.000000000000000E+000  0.000000000000000E+000
        </fractional_translation>
        <equivalent_atoms size="1" nat="1">
           1
        </equivalent_atoms>
      </symmetry>
      <symmetry>
        <info name="inv.  90 deg rotation - cart. axis [0,0,-1]">crystal_symmetry</info>
        <rotation rank="2" dims="           3           3">
  0.000000000000000E+000  0.000000000000000E+000  1.000000000000000E+000
 -1.000000000000000E+000 -1.000000000000000E+000 -1.000000000000000E+000
  0.000000000000000E+000  1.000000000000000E+000  0.000000000000000E+000
        </rotation>
        <fractional_translation>
  0.000000000000000E+000  0.000000000000000E+000  0.000000000000000E+000
        </fractional_translation>
        <equivalent_atoms size="1" nat="1">
           1
        </equivalent_atoms>
      </symmetry>
      <symmetry>
        <info name="inv.  90 deg rotation - cart. axis [0,0,1]">crystal_symmetry</info>
        <rotation rank="2" dims="           3           3">
 -1.000000000000000E+000 -1.000000000000000E+000 -1.000000000000000E+000
  0.000000000000000E+000  0.000000000000000E+000  1.000000000000000E+000
  1.000000000000000E+000  0.000000000000000E+000  0.000000000000000E+000
        </rotation>
        <fractional_translation>
  0.000000000000000E+000  0.000000000000000E+000  0.000000000000000E+000
        </fractional_translation>
        <equivalent_atoms size="1" nat="1">
           1
        </equivalent_atoms>
      </symmetry>
      <symmetry>
        <info name="inv. 180 deg rotation - cart. axis [1,0,1]">crystal_symmetry</info>
        <rotation rank="2" dims="           3           3">
  1.000000000000000E+000  0.000000000000000E+000  0.000000000000000E+000
  0.000000000000000E+000  0.000000000000000E+000  1.000000000000000E+000
  0.000000000000000E+000  1.000000000000000E+000  0.000000000000000E+000
        </rotation>
        <fractional_translation>
  0.000000000000000E+000  0.000000000000000E+000  0.000000000000000E+000
        </fractional_translation>
        <equivalent_atoms size="1" nat="1">
           1
        </equivalent_atoms>
      </symmetry>
      <symmetry>
        <info name="inv. 180 deg rotation - cart. axis [-1,0,1]">crystal_symmetry</info>
        <rotation rank="2" dims="           3           3">
 -1.000000000000000E+000 -1.000000000000000E+000 -1.000000000000000E+000
  0.000000000000000E+000  1.000000000000000E+000  0.000000000000000E+000
  0.000000000000000E+000  0.000000000000000E+000  1.000000000000000E+000
        </rotation>
        <fractional_translation>
  0.000000000000000E+000  0.000000000000000E+000  0.000000000000000E+000
        </fractional_translation>
        <equivalent_atoms size="1" nat="1">
           1
        </equivalent_atoms>
      </symmetry>
      <symmetry>
        <info name="inv.  90 deg rotation - cart. axis [0,1,0]">crystal_symmetry</info>
        <rotation rank="2" dims="           3           3">
  0.000000000000000E+000  1.000000000000000E+000  0.000000000000000E+000
 -1.000000000000000E+000 -1.000000000000000E+000 -1.000000000000000E+000
  1.000000000000000E+000  0.000000000000000E+000  0.000000000000000E+000
        </rotation>
        <fractional_translation>
  0.000000000000000E+000  0.000000000000000E+000  0.000000000000000E+000
        </fractional_translation>
        <equivalent_atoms size="1" nat="1">
           1
        </equivalent_atoms>
      </symmetry>
      <symmetry>
        <info name="inv.  90 deg rotation - cart. axis [0,-1,0]">crystal_symmetry</info>
        <rotation rank="2" dims="           3           3">
  0.000000000000000E+000  0.000000000000000E+000  1.000000000000000E+000
  1.000000000000000E+000  0.000000000000000E+000  0.000000000000000E+000
 -1.000000000000000E+000 -1.000000000000000E+000 -1.000000000000000E+000
        </rotation>
        <fractional_translation>
  0.000000000000000E+000  0.000000000000000E+000  0.000000000000000E+000
        </fractional_translation>
        <equivalent_atoms size="1" nat="1">
           1
        </equivalent_atoms>
      </symmetry>
      <symmetry>
        <info name="inv. 180 deg rotation - cart. axis [0,1,1]">crystal_symmetry</info>
        <rotation rank="2" dims="           3           3">
  1.000000000000000E+000  0.000000000000000E+000  0.000000000000000E+000
 -1.000000000000000E+000 -1.000000000000000E+000 -1.000000000000000E+000
  0.000000000000000E+000  0.000000000000000E+000  1.000000000000000E+000
        </rotation>
        <fractional_translation>
  0.000000000000000E+000  0.000000000000000E+000  0.000000000000000E+000
        </fractional_translation>
        <equivalent_atoms size="1" nat="1">
           1
        </equivalent_atoms>
      </symmetry>
      <symmetry>
        <info name="inv. 180 deg rotation - cart. axis [0,1,-1]">crystal_symmetry</info>
        <rotation rank="2" dims="           3           3">
  0.000000000000000E+000  0.000000000000000E+000  1.000000000000000E+000
  0.000000000000000E+000  1.000000000000000E+000  0.000000000000000E+000
  1.000000000000000E+000  0.000000000000000E+000  0.000000000000000E+000
        </rotation>
        <fractional_translation>
  0.000000000000000E+000  0.000000000000000E+000  0.000000000000000E+000
        </fractional_translation>
        <equivalent_atoms size="1" nat="1">
           1
        </equivalent_atoms>
      </symmetry>
      <symmetry>
        <info name="inv.  90 deg rotation - cart. axis [-1,0,0]">crystal_symmetry</info>
        <rotation rank="2" dims="           3           3">
  0.000000000000000E+000  1.000000000000000E+000  0.000000000000000E+000
  0.000000000000000E+000  0.000000000000000E+000  1.000000000000000E+000
 -1.000000000000000E+000 -1.000000000000000E+000 -1.000000000000000E+000
        </rotation>
        <fractional_translation>
  0.000000000000000E+000  0.000000000000000E+000  0.000000000000000E+000
        </fractional_translation>
        <equivalent_atoms size="1" nat="1">
           1
        </equivalent_atoms>
      </symmetry>
      <symmetry>
        <info name="inv.  90 deg rotation - cart. axis [1,0,0]">crystal_symmetry</info>
        <rotation rank="2" dims="           3           3">
 -1.000000000000000E+000 -1.000000000000000E+000 -1.000000000000000E+000
  1.000000000000000E+000  0.000000000000000E+000  0.000000000000000E+000
  0.000000000000000E+000  1.000000000000000E+000  0.000000000000000E+000
        </rotation>
        <fractional_translation>
  0.000000000000000E+000  0.000000000000000E+000  0.000000000000000E+000
        </fractional_translation>
        <equivalent_atoms size="1" nat="1">
           1
        </equivalent_atoms>
      </symmetry>
      <symmetry>
        <info name="inv. 120 deg rotation - cart. axis [-1,-1,-1]">crystal_symmetry</info>
        <rotation rank="2" dims="           3           3">
  1.000000000000000E+000  1.000000000000000E+000  1.000000000000000E+000
  0.000000000000000E+000 -1.000000000000000E+000  0.000000000000000E+000
 -1.000000000000000E+000  0.000000000000000E+000  0.000000000000000E+000
        </rotation>
        <fractional_translation>
  0.000000000000000E+000  0.000000000000000E+000  0.000000000000000E+000
        </fractional_translation>
        <equivalent_atoms size="1" nat="1">
           1
        </equivalent_atoms>
      </symmetry>
      <symmetry>
        <info name="inv. 120 deg rotation - cart. axis [-1,1,1]">crystal_symmetry</info>
        <rotation rank="2" dims="           3           3">
  0.000000000000000E+000  0.000000000000000E+000 -1.000000000000000E+000
 -1.000000000000000E+000  0.000000000000000E+000  0.000000000000000E+000
  0.000000000000000E+000 -1.000000000000000E+000  0.000000000000000E+000
        </rotation>
        <fractional_translation>
  0.000000000000000E+000  0.000000000000000E+000  0.000000000000000E+000
        </fractional_translation>
        <equivalent_atoms size="1" nat="1">
           1
        </equivalent_atoms>
      </symmetry>
      <symmetry>
        <info name="inv. 120 deg rotation - cart. axis [1,1,-1]">crystal_symmetry</info>
        <rotation rank="2" dims="           3           3">
 -1.000000000000000E+000  0.000000000000000E+000  0.000000000000000E+000
  0.000000000000000E+000  0.000000000000000E+000 -1.000000000000000E+000
  1.000000000000000E+000  1.000000000000000E+000  1.000000000000000E+000
        </rotation>
        <fractional_translation>
  0.000000000000000E+000  0.000000000000000E+000  0.000000000000000E+000
        </fractional_translation>
        <equivalent_atoms size="1" nat="1">
           1
        </equivalent_atoms>
      </symmetry>
      <symmetry>
        <info name="inv. 120 deg rotation - cart. axis [1,-1,1]">crystal_symmetry</info>
        <rotation rank="2" dims="           3           3">
  0.000000000000000E+000 -1.000000000000000E+000  0.000000000000000E+000
  1.000000000000000E+000  1.000000000000000E+000  1.000000000000000E+000
  0.000000000000000E+000  0.000000000000000E+000 -1.000000000000000E+000
        </rotation>
        <fractional_translation>
  0.000000000000000E+000  0.000000000000000E+000  0.000000000000000E+000
        </fractional_translation>
        <equivalent_atoms size="1" nat="1">
           1
        </equivalent_atoms>
      </symmetry>
      <symmetry>
        <info name="inv. 120 deg rotation - cart. axis [1,1,1]">crystal_symmetry</info>
        <rotation rank="2" dims="           3           3">
  0.000000000000000E+000  0.000000000000000E+000 -1.000000000000000E+000
  0.000000000000000E+000 -1.000000000000000E+000  0.000000000000000E+000
  1.000000000000000E+000  1.000000000000000E+000  1.000000000000000E+000
        </rotation>
        <fractional_translation>
  0.000000000000000E+000  0.000000000000000E+000  0.000000000000000E+000
        </fractional_translation>
        <equivalent_atoms size="1" nat="1">
           1
        </equivalent_atoms>
      </symmetry>
      <symmetry>
        <info name="inv. 120 deg rotation - cart. axis [-1,1,-1]">crystal_symmetry</info>
        <rotation rank="2" dims="           3           3">
  1.000000000000000E+000  1.000000000000000E+000  1.000000000000000E+000
 -1.000000000000000E+000  0.000000000000000E+000  0.000000000000000E+000
  0.000000000000000E+000  0.000000000000000E+000 -1.000000000000000E+000
        </rotation>
        <fractional_translation>
  0.000000000000000E+000  0.000000000000000E+000  0.000000000000000E+000
        </fractional_translation>
        <equivalent_atoms size="1" nat="1">
           1
        </equivalent_atoms>
      </symmetry>
      <symmetry>
        <info name="inv. 120 deg rotation - cart. axis [1,-1,-1]">crystal_symmetry</info>
        <rotation rank="2" dims="           3           3">
  0.000000000000000E+000 -1.000000000000000E+000  0.000000000000000E+000
  0.000000000000000E+000  0.000000000000000E+000 -1.000000000000000E+000
 -1.000000000000000E+000  0.000000000000000E+000  0.000000000000000E+000
        </rotation>
        <fractional_translation>
  0.000000000000000E+000  0.000000000000000E+000  0.000000000000000E+000
        </fractional_translation>
        <equivalent_atoms size="1" nat="1">
           1
        </equivalent_atoms>
      </symmetry>
      <symmetry>
        <info name="inv. 120 deg rotation - cart. axis [-1,-1,1]">crystal_symmetry</info>
        <rotation rank="2" dims="           3           3">
 -1.000000000000000E+000  0.000000000000000E+000  0.000000000000000E+000
  1.000000000000000E+000  1.000000000000000E+000  1.000000000000000E+000
  0.000000000000000E+000 -1.000000000000000E+000  0.000000000000000E+000
        </rotation>
        <fractional_translation>
  0.000000000000000E+000  0.000000000000000E+000  0.000000000000000E+000
        </fractional_translation>
        <equivalent_atoms size="1" nat="1">
           1
        </equivalent_atoms>
      </symmetry>
    </symmetries>
    <basis_set>
      <gamma_only>false</gamma_only>
      <ecutwfc>3.000000000000000E+001</ecutwfc>
      <ecutrho>2.400000000000000E+002</ecutrho>
      <fft_grid nr1="15" nr2="15" nr3="15"></fft_grid>
      <fft_smooth nr1="12" nr2="12" nr3="12"></fft_smooth>
      <fft_box nr1="15" nr2="15" nr3="15"></fft_box>
      <ngm>1243</ngm>
      <ngms>411</ngms>
      <npwx>59</npwx>
      <reciprocal_lattice>
        <b1>
 -1.000000000000000E+000 -1.000000000000000E+000  1.000000000000000E+000
        </b1>
        <b2>1.000000000000000E+000  1.000000000000000E+000  1.000000000000000E+000</b2>
        <b3>-1.000000000000000E+000  1.000000000000000E+000 -1.000000000000000E+000</b3>
      </reciprocal_lattice>
    </basis_set>
    <dft>
      <functional>PBESOL</functional>
    </dft>
    <magnetization>
      <lsda>false</lsda>
      <noncolin>false</noncolin>
      <spinorbit>false</spinorbit>
      <absolute>0.000000000000000E+000</absolute>
    </magnetization>
    <total_energy>
      <etot>-1.503300558202600E+002</etot>
      <eband>8.753589847572671E+001</eband>
      <ehart>3.731866223407825E+000</ehart>
      <vtxc>-2.448487202401012E+001</vtxc>
      <etxc>-1.910005659105485E+001</etxc>
      <ewald>-1.966169745000718E+002</ewald>
      <demet>-1.076921829631020E-004</demet>
    </total_energy>
    <band_structure>
      <lsda>false</lsda>
      <noncolin>false</noncolin>
      <spinorbit>false</spinorbit>
      <nbnd>12</nbnd>
      <nelec>1.600000000000000E+001</nelec>
      <fermi_energy>8.051664659069706E+000</fermi_energy>
      <starting_k_points>
        <monkhorst_pack nk1="6" nk2="6" nk3="6" k1="1" k2="1" k3="1">Uniform grid with offset</monkhorst_pack>
      </starting_k_points>
      <nks>28</nks>
      <occupations_kind>smearing</occupations_kind>
      <smearing degauss="1.0000000000000000E-002">mp</smearing>
      <ks_energies>
        <k_point weight="1.8518518518518514E-002">-8.333333333333333E-002  8.333333333333333E-002  8.333333333333333E-002</k_point>
        <npw>59</npw>
        <eigenvalues size="12">
  1.207327700417256E+000  5.698484551441159E+000  6.059455368357663E+000
  6.059455368357956E+000  6.552578715844406E+000
  6.552578715853110E+000  6.662927563598140E+000  7.391682858864080E+000
  7.391682858869052E+000  9.026570146489760E+000
  9.381249908514970E+000  1.045698499400472E+001
        </eigenvalues>
        <occupations size="12">
  1.000000000000000E+000  1.000000000000000E+000  1.000000000000000E+000
  1.000000000000000E+000  1.000000000000000E+000
  1.000000000000000E+000  1.000000000000000E+000  1.000000000000000E+000
  1.000000000000000E+000 -3.805933557164076E-086
 -5.190567889165835E-086 -9.390130116801703E-086
        </occupations>
      </ks_energies>
      <ks_energies>
        <k_point weight="5.5555555555555539E-002">
 -2.500000000000000E-001  2.500000000000000E-001 -8.333333333333334E-002
        </k_point>
        <npw>57</npw>
        <eigenvalues size="12">
  1.447313520512634E+000  4.815131701208385E+000  5.381863689520483E+000
  6.122971179396729E+000  6.567272735824540E+000
  6.902394406146753E+000  6.936265921072417E+000  7.077641402796845E+000
  7.533850809455085E+000  9.146786598391740E+000
  9.826351676069821E+000  1.066971149982498E+001
        </eigenvalues>
        <occupations size="12">
  1.000000000000000E+000  1.000000000000000E+000  1.000000000000000E+000
  1.000000000000000E+000  1.000000000000000E+000
  1.000000000000000E+000  1.000000000000000E+000  1.000000000000000E+000
  1.000000000000000E+000 -4.275246566805399E-086
 -6.928200690857257E-086 -1.022059312829028E-085
        </occupations>
      </ks_energies>
      <ks_energies>
        <k_point weight="5.5555555555555539E-002">
 -4.166666666666666E-001  4.166666666666666E-001 -2.500000000000000E-001
        </k_point>
        <npw>52</npw>
        <eigenvalues size="12">
  2.016401861622389E+000  3.577924844605350E+000  5.295092689738304E+000
  5.819595160486079E+000  6.346050968297769E+000
  6.459435402202468E+000  7.041358368765746E+000  7.745390242116022E+000
  8.052126864034696E+000  8.710190851054124E+000
  1.077824823291161E+001  1.153477391991557E+001
        </eigenvalues>
        <occupations size="12">
  1.000000000000000E+000  1.000000000000000E+000  1.000000000000000E+000
  1.000000000000000E+000  1.000000000000000E+000
  1.000000000000000E+000  1.000000000000000E+000  1.000000000000000E+000
  4.609306989085772E-001 -2.570820417656635E-086
 -1.064430968335093E-085 -1.359771033210983E-085
        </occupations>
      </ks_energies>
      <ks_energies>
        <k_point weight="5.5555555555555539E-002">
  4.166666666666666E-001 -4.166666666666666E-001  5.833333333333333E-001
        </k_point>
        <npw>52</npw>
        <eigenvalues size="12">
  2.539062956797570E+000  2.892984033100467E+000  5.464105571306048E+000
  5.539006096787348E+000  6.122168783002346E+000
  6.444344155161799E+000  7.072975559833273E+000  8.084326842603490E+000
  8.236620997734130E+000  8.558854237629232E+000
  1.121174477354505E+001  1.162307322340307E+001
        </eigenvalues>
        <occupations size="12">
  1.000000000000000E+000  1.000000000000000E+000  1.000000000000000E+000
  1.000000000000000E+000  1.000000000000000E+000
  1.000000000000000E+000  1.000000000000000E+000 -1.951732801348881E-005
 -7.220510552217611E-087 -1.980017408653574E-086
 -1.233663683936835E-085 -1.394242198524312E-085
        </occupations>
      </ks_energies>
      <ks_energies>
        <k_point weight="5.5555555555555539E-002">
  2.500000000000000E-001 -2.500000000000000E-001  4.166666666666666E-001
        </k_point>
        <npw>52</npw>
        <eigenvalues size="12">
  1.793494593267415E+000  3.968495103868933E+000  5.457943708906447E+000
  5.771493261554101E+000  6.152517860472718E+000
  6.816815470162913E+000  7.026122019967236E+000  7.463361897542383E+000
  7.956712527825784E+000  8.840249557524022E+000
  1.052636401892844E+001  1.123875717214603E+001
        </eigenvalues>
        <occupations size="12">
  1.000000000000000E+000  1.000000000000000E+000  1.000000000000000E+000
  1.000000000000000E+000  1.000000000000000E+000
  1.000000000000000E+000  1.000000000000000E+000  1.000000000000000E+000
  1.000000000000000E+000 -3.078556605156274E-086
 -9.660978893968074E-086 -1.244209054295457E-085
        </occupations>
      </ks_energies>
      <ks_energies>
        <k_point weight="5.5555555555555539E-002">
  8.333333333333326E-002 -8.333333333333326E-002  2.499999999999999E-001
        </k_point>
        <npw>58</npw>
        <eigenvalues size="12">
  1.328430804282854E+000  5.268286906627186E+000  5.630007771006096E+000
  6.023528665943298E+000  6.296103851363632E+000
  6.940841857874002E+000  7.028720265315885E+000  7.048711562852271E+000
  7.519879320485028E+000  9.315695898415004E+000
  9.502396079177919E+000  1.055757958142237E+001
        </eigenvalues>
        <occupations size="12">
  1.000000000000000E+000  1.000000000000000E+000  1.000000000000000E+000
  1.000000000000000E+000  1.000000000000000E+000
  1.000000000000000E+000  1.000000000000000E+000  1.000000000000000E+000
  1.000000000000000E+000 -4.934651587467316E-086
 -5.663510427901776E-086 -9.782841329183013E-086
        </occupations>
      </ks_energies>
      <ks_energies>
        <k_point weight="5.5555555555555539E-002">
 -8.333333333333331E-002  4.166666666666667E-001  8.333333333333331E-002
        </k_point>
        <npw>54</npw>
        <eigenvalues size="12">
  1.564696010015884E+000  4.896669146224522E+000  5.280769709087578E+000
  5.678824997599622E+000  5.858353036981492E+000
  6.466803418183320E+000  7.410609373447477E+000  7.497567162004704E+000
  7.788803272510777E+000  9.545239307815653E+000
  1.019800083227775E+001  1.082818376975450E+001
        </eigenvalues>
        <occupations size="12">
  1.000000000000000E+000  1.000000000000000E+000  1.000000000000000E+000
  1.000000000000000E+000  1.000000000000000E+000
  1.000000000000000E+000  1.000000000000000E+000  1.000000000000000E+000
  1.000000000000000E+000 -5.830766109271583E-086
 -8.379081841241025E-086 -1.083925302690344E-085
        </occupations>
      </ks_energies>
      <ks_energies>
        <k_point weight="0.11111111111111108">
 -2.499999999999999E-001  5.833333333333333E-001 -8.333333333333331E-002
        </k_point>
        <npw>50</npw>
        <eigenvalues size="12">
  2.015504915721368E+000  4.134147792759073E+000  4.785879082606296E+000
  5.077565366910694E+000  6.049358267741729E+000
  6.620159516523826E+000  7.270275119247561E+000  7.825408157267555E+000
  8.162398795889148E+000  9.664575688728577E+000
  1.094705341599862E+001  1.130390470391520E+001
        </eigenvalues>
        <occupations size="12">
  1.000000000000000E+000  1.000000000000000E+000  1.000000000000000E+000
  1.000000000000000E+000  1.000000000000000E+000
  1.000000000000000E+000  1.000000000000000E+000  1.000000000000000E+000
 -1.728750253080423E-053 -6.296643409756323E-086
 -1.130330824190276E-085 -1.269641999388714E-085
        </occupations>
      </ks_energies>
      <ks_energies>
        <k_point weight="0.11111111111111108">
  5.833333333333333E-001 -2.499999999999999E-001  7.500000000000000E-001
        </k_point>
        <npw>54</npw>
        <eigenvalues size="12">
  2.746469056732879E+000  3.083336251434655E+000  4.613611723900606E+000
  4.868411620360590E+000  6.183621323596368E+000
  6.892889481148627E+000  7.467775945037189E+000  7.797243731856984E+000
  8.176761843054104E+000  9.542090912151497E+000
  1.133865425507203E+001  1.153816280176574E+001
        </eigenvalues>
        <occupations size="12">
  1.000000000000000E+000  1.000000000000000E+000  1.000000000000000E+000
  1.000000000000000E+000  1.000000000000000E+000
  1.000000000000000E+000  1.000000000000000E+000  1.000000000000000E+000
 -3.808880811904717E-068 -5.818475087358118E-086
 -1.283207876753315E-085 -1.361094018805100E-085
        </occupations>
      </ks_energies>
      <ks_energies>
        <k_point weight="0.11111111111111108">
  4.166666666666667E-001 -8.333333333333331E-002  5.833333333333333E-001
        </k_point>
        <npw>53</npw>
        <eigenvalues size="12">
  2.233822813232156E+000  3.735702198875670E+000  4.449387653541775E+000
  5.230556727084945E+000  6.507107562112182E+000
  6.761666443546527E+000  7.198874669451158E+000  7.714991136413740E+000
  8.058701349529647E+000  9.538910027603960E+000
  1.100898943859655E+001  1.140903532059250E+001
        </eigenvalues>
        <occupations size="12">
  1.000000000000000E+000  1.000000000000000E+000  1.000000000000000E+000
  1.000000000000000E+000  1.000000000000000E+000
  1.000000000000000E+000  1.000000000000000E+000  1.000000000000000E+000
  3.885200258017898E-002 -5.806057232091987E-086
 -1.154510028209997E-085 -1.310683941101067E-085
        </occupations>
      </ks_energies>
      <ks_energies>
        <k_point weight="0.11111111111111108">
  2.499999999999999E-001  8.333333333333343E-002  4.166666666666666E-001
        </k_point>
        <npw>55</npw>
        <eigenvalues size="12">
  1.679645761277014E+000  4.428992145910726E+000  5.049520894542042E+000
  5.791853951232740E+000  6.311946889628459E+000
  6.802791725952009E+000  7.044368969154391E+000  7.366355879623310E+000
  7.859216587294256E+000  9.275925931317589E+000
  1.033502672314936E+001  1.094078692939048E+001
        </eigenvalues>
        <occupations size="12">
  1.000000000000000E+000  1.000000000000000E+000  1.000000000000000E+000
  1.000000000000000E+000  1.000000000000000E+000
  1.000000000000000E+000  1.000000000000000E+000  1.000000000000000E+000
  1.000000000000000E+000 -4.779393611903017E-086
 -8.914017220103937E-086 -1.127884450467368E-085
        </occupations>
      </ks_energies>
      <ks_energies>
        <k_point weight="5.5555555555555539E-002">
 -8.333333333333331E-002  7.500000000000000E-001  8.333333333333331E-002
        </k_point>
        <npw>50</npw>
        <eigenvalues size="12">
  2.333980233395091E+000  4.238445383638784E+000  4.417014754050201E+000
  4.849161863292434E+000  5.301801221898791E+000
  6.004984516685962E+000  7.968747100979602E+000  8.224673909040602E+000
  8.328370393184340E+000  1.042601834248380E+001
  1.146132605839465E+001  1.182695697401324E+001
        </eigenvalues>
        <occupations size="12">
  1.000000000000000E+000  1.000000000000000E+000  1.000000000000000E+000
  1.000000000000000E+000  1.000000000000000E+000
  1.000000000000000E+000  1.000000000000000E+000 -6.754108153668764E-087
 -1.080231522456135E-086 -9.269239405140677E-086
 -1.331097722364802E-085 -1.473836376444184E-085
        </occupations>
      </ks_energies>
      <ks_energies>
        <k_point weight="0.11111111111111108">
  7.500000000000000E-001 -8.333333333333331E-002  9.166666666666665E-001
        </k_point>
        <npw>51</npw>
        <eigenvalues size="12">
  2.912230134876201E+000  3.684170182596203E+000  3.848194860356961E+000
  4.517460765459916E+000  5.766602889449173E+000
  6.405610522352562E+000  7.871290016038348E+000  8.128064083788777E+000
  8.401644202648606E+000  1.057187745563897E+001
  1.156460604843021E+001  1.188479174116879E+001
        </eigenvalues>
        <occupations size="12">
  1.000000000000000E+000  1.000000000000000E+000  1.000000000000000E+000
  1.000000000000000E+000  1.000000000000000E+000
  1.000000000000000E+000  1.000000000000000E+000 -9.480471934963280E-026
 -1.366285149089524E-086 -9.838658800701292E-086
 -1.371417197937778E-085 -1.496414491341309E-085
        </occupations>
      </ks_energies>
      <ks_energies>
        <k_point weight="0.11111111111111108">
  5.833333333333333E-001  8.333333333333331E-002  7.500000000000000E-001
        </k_point>
        <npw>51</npw>
        <eigenvalues size="12">
  2.957472680261061E+000  3.232413572622615E+000  3.987124074934439E+000
  4.777989762453730E+000  6.112812200285433E+000
  7.245326637373246E+000  7.494421428365182E+000  7.674780371955800E+000
  8.139345781507648E+000  1.004076157717504E+001
  1.129797363607278E+001  1.167650832030509E+001
        </eigenvalues>
        <occupations size="12">
  1.000000000000000E+000  1.000000000000000E+000  1.000000000000000E+000
  1.000000000000000E+000  1.000000000000000E+000
  1.000000000000000E+000  1.000000000000000E+000  1.000000000000000E+000
 -9.981183607590437E-034 -7.765235509241646E-086
 -1.267326569798609E-085 -1.415102726139959E-085
        </occupations>
      </ks_energies>
      <ks_energies>
        <k_point weight="0.11111111111111108">
  4.166666666666666E-001  2.500000000000001E-001  5.833333333333333E-001
        </k_point>
        <npw>52</npw>
        <eigenvalues size="12">
  2.339657565422184E+000  3.279701990591472E+000  5.045184787912489E+000
  5.317557959011839E+000  6.288346316908172E+000
  6.589582545160794E+000  7.286985269606533E+000  7.786753751266860E+000
  8.197349510910279E+000  8.995680838856480E+000
  1.111467066620277E+001  1.161685477116253E+001
        </eigenvalues>
        <occupations size="12">
  1.000000000000000E+000  1.000000000000000E+000  1.000000000000000E+000
  1.000000000000000E+000  1.000000000000000E+000
  1.000000000000000E+000  1.000000000000000E+000  1.000000000000000E+000
 -5.687390968101199E-087 -3.685344788307948E-086
 -1.195766922924296E-085 -1.391814576938293E-085
        </occupations>
      </ks_energies>
      <ks_energies>
        <k_point weight="5.5555555555555539E-002">
 -8.333333333333331E-002 -9.166666666666665E-001  8.333333333333331E-002
        </k_point>
        <npw>50</npw>
        <eigenvalues size="12">
  2.807360171024967E+000  3.600069707134039E+000  4.319198008330995E+000
  4.764262311375688E+000  5.193729742232184E+000
  5.919695108258288E+000  8.160468800523411E+000  8.393153558349157E+000
  8.411623003592485E+000  1.077894757679542E+001
  1.169644128724809E+001  1.181529125613935E+001
        </eigenvalues>
        <occupations size="12">
  1.000000000000000E+000  1.000000000000000E+000  1.000000000000000E+000
  1.000000000000000E+000  1.000000000000000E+000
  1.000000000000000E+000 -1.175193100714593E-051 -1.333138522592698E-086
 -1.405241390348431E-086 -1.064703985195674E-085
 -1.422884357155593E-085 -1.469282196813693E-085
        </occupations>
      </ks_energies>
      <ks_energies>
        <k_point weight="0.11111111111111108">
 -2.499999999999999E-001 -7.500000000000000E-001 -8.333333333333331E-002
        </k_point>
        <npw>50</npw>
        <eigenvalues size="12">
  2.440506538176725E+000  3.935045085815702E+000  4.334061993114078E+000
  4.607311844697276E+000  5.863403902187182E+000
  6.480272754085580E+000  7.567356381357471E+000  8.141555496552925E+000
  8.300663962470455E+000  1.017202322321532E+001
  1.144056474724554E+001  1.177663253179789E+001
        </eigenvalues>
        <occupations size="12">
  1.000000000000000E+000  1.000000000000000E+000  1.000000000000000E+000
  1.000000000000000E+000  1.000000000000000E+000
  1.000000000000000E+000  1.000000000000000E+000 -2.023793380320240E-035
 -9.720683868866868E-087 -8.277667852560712E-086
 -1.322992714052435E-085 -1.454190217319588E-085
        </occupations>
      </ks_energies>
      <ks_energies>
        <k_point weight="5.5555555555555539E-002">
 -8.333333333333331E-002 -5.833333333333333E-001  8.333333333333331E-002
        </k_point>
        <npw>52</npw>
        <eigenvalues size="12">
  1.904718158796163E+000  4.609818401645498E+000  4.988814312361520E+000
  5.020586038078890E+000  5.515710231224060E+000
  6.176205234410152E+000  7.705768103560165E+000  7.914775521999712E+000
  8.104541325730807E+000  9.955881523713849E+000
  1.098373846318937E+001  1.118835418458305E+001
        </eigenvalues>
        <occupations size="12">
  1.000000000000000E+000  1.000000000000000E+000  1.000000000000000E+000
  1.000000000000000E+000  1.000000000000000E+000
  1.000000000000000E+000  1.000000000000000E+000  1.000000000000000E+000
 -1.036320301051833E-012 -7.433872266373117E-086
 -1.144652299856488E-085 -1.224532231852400E-085
        </occupations>
      </ks_energies>
      <ks_energies>
        <k_point weight="1.8518518518518514E-002">
 -2.500000000000000E-001  2.500000000000000E-001  2.500000000000000E-001
        </k_point>
        <npw>55</npw>
        <eigenvalues size="12">
  1.564551966796984E+000  4.355823359375316E+000  5.794399882484938E+000
  5.794399882485604E+000  6.633933985237821E+000
  6.633933985241461E+000  6.885608140675009E+000  7.513483109352362E+000
  7.513483109357273E+000  8.810362439886948E+000
  1.011367712016560E+001  1.088604974338911E+001
        </eigenvalues>
        <occupations size="12">
  1.000000000000000E+000  1.000000000000000E+000  1.000000000000000E+000
  1.000000000000000E+000  1.000000000000000E+000
  1.000000000000000E+000  1.000000000000000E+000  1.000000000000000E+000
  1.000000000000000E+000 -2.961880285851858E-086
 -8.049890499379216E-086 -1.106515600284910E-085
        </occupations>
      </ks_energies>
      <ks_energies>
        <k_point weight="5.5555555555555539E-002">
 -4.166666666666666E-001  4.166666666666666E-001  8.333333333333337E-002
        </k_point>
        <npw>55</npw>
        <eigenvalues size="12">
  1.905529014005235E+000  4.034902310646395E+000  4.718561258169347E+000
  5.765301980650049E+000  6.511410018060094E+000
  6.759824445882309E+000  7.239377125968717E+000  7.255765392388412E+000
  7.934625781813081E+000  9.263135263089906E+000
  1.060105005230062E+001  1.117337467071622E+001
        </eigenvalues>
        <occupations size="12">
  1.000000000000000E+000  1.000000000000000E+000  1.000000000000000E+000
  1.000000000000000E+000  1.000000000000000E+000
  1.000000000000000E+000  1.000000000000000E+000  1.000000000000000E+000
  1.000000000000000E+000 -4.729460121883261E-086
 -9.952545701551533E-086 -1.218684379395783E-085
        </occupations>
      </ks_energies>
      <ks_energies>
        <k_point weight="5.5555555555555539E-002">
  4.166666666666666E-001 -4.166666666666666E-001  9.166666666666666E-001
        </k_point>
        <npw>52</npw>
        <eigenvalues size="12">
  2.552733905164155E+000  3.432977636172140E+000  4.175573283495019E+000
  5.279032683459056E+000  6.001185563924464E+000
  7.210602852931023E+000  7.602453992213562E+000  7.690791283695896E+000
  7.838972329823708E+000  9.675497212445912E+000
  1.116838449164350E+001  1.142378190158631E+001
        </eigenvalues>
        <occupations size="12">
  1.000000000000000E+000  1.000000000000000E+000  1.000000000000000E+000
  1.000000000000000E+000  1.000000000000000E+000
  1.000000000000000E+000  1.000000000000000E+000  1.000000000000000E+000
  1.000000000000000E+000 -6.339279946474529E-086
 -1.216736263374878E-085 -1.316440858892793E-085
        </occupations>
      </ks_energies>
      <ks_energies>
        <k_point weight="5.5555555555555539E-002">
  2.500000000000000E-001 -2.500000000000000E-001  7.500000000000000E-001
        </k_point>
        <npw>50</npw>
        <eigenvalues size="12">
  2.545215511282466E+000  3.473743740554749E+000  4.429873244270800E+000
  5.022306902190950E+000  5.674466560890333E+000
  6.978048008093845E+000  7.408693381220482E+000  7.920867888617558E+000
  8.301849644279402E+000  9.807372329931939E+000
  1.140070436110366E+001  1.167345092843251E+001
        </eigenvalues>
        <occupations size="12">
  1.000000000000000E+000  1.000000000000000E+000  1.000000000000000E+000
  1.000000000000000E+000  1.000000000000000E+000
  1.000000000000000E+000  1.000000000000000E+000  1.000000000000000E+000
 -9.766971701308257E-087 -6.854107220986290E-086
 -1.307431617805006E-085 -1.413909150919036E-085
        </occupations>
      </ks_energies>
      <ks_energies>
        <k_point weight="5.5555555555555539E-002">
 -2.500000000000000E-001  5.833333333333333E-001  2.500000000000000E-001
        </k_point>
        <npw>49</npw>
        <eigenvalues size="12">
  2.124964652393463E+000  3.673114755968064E+000  5.159416650969384E+000
  5.196448650191702E+000  5.853790794496430E+000
  7.062956060078448E+000  7.083965547303350E+000  7.654596244842374E+000
  8.249838611266730E+000  9.234993380592126E+000
  1.101276784262822E+001  1.161454294335361E+001
        </eigenvalues>
        <occupations size="12">
  1.000000000000000E+000  1.000000000000000E+000  1.000000000000000E+000
  1.000000000000000E+000  1.000000000000000E+000
  1.000000000000000E+000  1.000000000000000E+000  1.000000000000000E+000
 -7.736512970282502E-087 -4.619597026083576E-086
 -1.155985079369543E-085 -1.390912062474080E-085
        </occupations>
      </ks_energies>
      <ks_energies>
        <k_point weight="0.11111111111111108">
  5.833333333333333E-001 -2.500000000000000E-001  1.083333333333333E+000
        </k_point>
        <npw>52</npw>
        <eigenvalues size="12">
  2.651135720944212E+000  3.534775969004364E+000  4.261168422714226E+000
  4.522859254142844E+000  6.554819071126758E+000
  6.833014872464673E+000  7.168268112953964E+000  7.926968539045360E+000
  8.199839147733931E+000  1.000798492808255E+001
  1.135205157086183E+001  1.165428834758714E+001
        </eigenvalues>
        <occupations size="12">
  1.000000000000000E+000  1.000000000000000E+000  1.000000000000000E+000
  1.000000000000000E+000  1.000000000000000E+000
  1.000000000000000E+000  1.000000000000000E+000  1.000000000000000E+000
 -5.784583900693718E-087 -7.637278748014840E-086
 -1.288438054898611E-085 -1.406428270934019E-085
        </occupations>
      </ks_energies>
      <ks_energies>
        <k_point weight="0.11111111111111108">
  4.166666666666666E-001 -8.333333333333337E-002  9.166666666666666E-001
        </k_point>
        <npw>52</npw>
        <eigenvalues size="12">
  3.119022841567365E+000  3.431028655239932E+000  3.879925202695556E+000
  4.181913977382521E+000  6.496809861135540E+000
  6.944460558008018E+000  7.334795752817966E+000  7.703514435892123E+000
  8.402346406352118E+000  1.042392216717644E+001
  1.146277292340172E+001  1.199191736093088E+001
        </eigenvalues>
        <occupations size="12">
  1.000000000000000E+000  1.000000000000000E+000  1.000000000000000E+000
  1.000000000000000E+000  1.000000000000000E+000
  1.000000000000000E+000  1.000000000000000E+000  1.000000000000000E+000
 -1.369026482145543E-086 -9.261056146304864E-086
 -1.331662563998599E-085 -1.538235262313018E-085
        </occupations>
      </ks_energies>
      <ks_energies>
        <k_point weight="5.5555555555555539E-002">
 -2.500000000000000E-001 -1.083333333333333E+000  2.500000000000000E-001
        </k_point>
        <npw>52</npw>
        <eigenvalues size="12">
  3.013890269199226E+000  3.366978524591979E+000  3.802081983717450E+000
  4.935790300691233E+000  5.579595410757955E+000
  6.920559960452286E+000  7.736830121935855E+000  8.077380326237044E+000
  8.143446847193962E+000  1.027436562976400E+001
  1.137777475129256E+001  1.178525632929259E+001
        </eigenvalues>
        <occupations size="12">
  1.000000000000000E+000  1.000000000000000E+000  1.000000000000000E+000
  1.000000000000000E+000  1.000000000000000E+000
  1.000000000000000E+000  1.000000000000000E+000 -8.360905046898843E-004
 -6.655190427793454E-037 -8.677202376092161E-086
 -1.298480127372465E-085 -1.457556861645505E-085
        </occupations>
      </ks_energies>
      <ks_energies>
        <k_point weight="1.8518518518518514E-002">
 -4.166666666666666E-001  4.166666666666666E-001  4.166666666666666E-001
        </k_point>
        <npw>49</npw>
        <eigenvalues size="12">
  2.232887761001386E+000  3.185980192841503E+000  5.759020208780602E+000
  5.759020208782684E+000  6.221931042012114E+000
  6.221931042012134E+000  6.923068676548786E+000  8.117927049777602E+000
  8.117927049793446E+000  8.371040939982993E+000
  1.097856307886414E+001  1.175675251153592E+001
        </eigenvalues>
        <occupations size="12">
  1.000000000000000E+000  1.000000000000000E+000  1.000000000000000E+000
  1.000000000000000E+000  1.000000000000000E+000
  1.000000000000000E+000  1.000000000000000E+000 -1.560202830545369E-019
 -1.560202798176884E-019 -1.246813071189959E-086
 -1.142631881556585E-085 -1.446429256158894E-085
        </occupations>
      </ks_energies>
      <ks_energies>
        <k_point weight="5.5555555555555539E-002">
  4.166666666666666E-001 -4.166666666666666E-001  1.250000000000000E+000
        </k_point>
        <npw>50</npw>
        <eigenvalues size="12">
  2.646167967665987E+000  2.985407842298577E+000  4.795266321223468E+000
  5.366946552793823E+000  6.059875143801134E+000
  6.797709521766902E+000  7.354488377311164E+000  7.984973243148253E+000
  8.056683163992076E+000  9.118619080813176E+000
  1.126337260298332E+001  1.149453216243131E+001
        </eigenvalues>
        <occupations size="12">
  1.000000000000000E+000  1.000000000000000E+000  1.000000000000000E+000
  1.000000000000000E+000  1.000000000000000E+000
  1.000000000000000E+000  1.000000000000000E+000  1.000000000000000E+000
  1.288875692847858E-001 -4.165283394213184E-086
 -1.253818672402709E-085 -1.344061053404230E-085
        </occupations>
      </ks_energies>
    </band_structure>
  </output>
  <exit_status>0</exit_status>
  <timing_info>
    <total label="PWSCF">
      <cpu>2.131715000000000E+000</cpu>
      <wall>2.917895078659058E+000</wall>
    </total>
    <partial label="init_run" calls="1">
      <cpu>5.640250000000000E-001</cpu>
      <wall>5.857191085815430E-001</wall>
    </partial>
    <partial label="hinit0" calls="1">
      <cpu>3.064750000000000E-001</cpu>
      <wall>3.096640110015869E-001</wall>
    </partial>
    <partial label="init_vloc" calls="1">
      <cpu>2.516800000000001E-002</cpu>
      <wall>2.516818046569824E-002</wall>
    </partial>
    <partial label="init_us_1" calls="1">
      <cpu>1.807910000000000E-001</cpu>
      <wall>1.832609176635742E-001</wall>
    </partial>
    <partial label="fft" calls="102">
      <cpu>1.722600000000174E-002</cpu>
      <wall>1.769351959228516E-002</wall>
    </partial>
    <partial label="potinit" calls="1">
      <cpu>2.303660000000000E-001</cpu>
      <wall>2.456359863281250E-001</wall>
    </partial>
    <partial label="PAW_symme" calls="15">
      <cpu>3.087000000000728E-003</cpu>
      <wall>3.236532211303711E-003</wall>
    </partial>
    <partial label="v_of_rho" calls="8">
      <cpu>6.209000000000131E-003</cpu>
      <wall>6.327867507934570E-003</wall>
    </partial>
    <partial label="v_xc" calls="8">
      <cpu>6.016999999999939E-003</cpu>
      <wall>6.134748458862305E-003</wall>
    </partial>
    <partial label="v_h" calls="8">
      <cpu>1.570000000001848E-004</cpu>
      <wall>1.611709594726562E-004</wall>
    </partial>
    <partial label="PAW_pot" calls="8">
      <cpu>1.317576000000000E+000</cpu>
      <wall>1.420668840408325E+000</wall>
    </partial>
    <partial label="interpolate" calls="8">
      <cpu>1.997500000000008E-002</cpu>
      <wall>2.000761032104492E-002</wall>
    </partial>
    <partial label="ffts" calls="15">
      <cpu>1.982200000000001E-002</cpu>
      <wall>1.983928680419922E-002</wall>
    </partial>
    <partial label="newd" calls="8">
      <cpu>1.982499999999998E-002</cpu>
      <wall>2.144908905029297E-002</wall>
    </partial>
    <partial label="wfcinit" calls="1">
      <cpu>1.960400000000007E-002</cpu>
      <wall>2.179694175720215E-002</wall>
    </partial>
    <partial label="init_us_2" calls="420">
      <cpu>5.386999999998920E-003</cpu>
      <wall>5.945920944213867E-003</wall>
    </partial>
    <partial label="wfcinit:atom" calls="28">
      <cpu>2.910000000001522E-004</cpu>
      <wall>2.939701080322266E-004</wall>
    </partial>
    <partial label="atomic_wfc" calls="28">
      <cpu>2.419999999999645E-004</cpu>
      <wall>2.477169036865234E-004</wall>
    </partial>
    <partial label="wfcinit:wfcr" calls="28">
      <cpu>1.866299999999965E-002</cpu>
      <wall>1.870441436767578E-002</wall>
    </partial>
    <partial label="wfcrot" calls="28">
      <cpu>1.861600000000008E-002</cpu>
      <wall>1.866149902343750E-002</wall>
    </partial>
    <partial label="rotwfck" calls="28">
      <cpu>1.857200000000014E-002</cpu>
      <wall>1.861262321472168E-002</wall>
    </partial>
    <partial label="rotwfck:hpsi" calls="28">
      <cpu>1.574999999999949E-002</cpu>
      <wall>1.579070091247559E-002</wall>
    </partial>
    <partial label="h_psi_bgrp" calls="771">
      <cpu>1.175469999999970E-001</cpu>
      <wall>1.335537433624268E-001</wall>
    </partial>
    <partial label="h_psi" calls="771">
      <cpu>1.164280000000013E-001</cpu>
      <wall>1.323115825653076E-001</wall>
    </partial>
    <partial label="h_psi:pot" calls="771">
      <cpu>1.146720000000006E-001</cpu>
      <wall>1.302881240844727E-001</wall>
    </partial>
    <partial label="vloc_psi" calls="771">
      <cpu>9.060299999999977E-002</cpu>
      <wall>1.024632453918457E-001</wall>
    </partial>
    <partial label="fftw" calls="15862">
      <cpu>6.766199999998568E-002</cpu>
      <wall>7.566905021667480E-002</wall>
    </partial>
    <partial label="h_psi:calbec" calls="771">
      <cpu>9.913000000001393E-003</cpu>
      <wall>1.134419441223145E-002</wall>
    </partial>
    <partial label="calbec" calls="967">
      <cpu>1.177699999999748E-002</cpu>
      <wall>1.332712173461914E-002</wall>
    </partial>
    <partial label="add_vuspsi" calls="771">
      <cpu>1.199899999999876E-002</cpu>
      <wall>1.389932632446289E-002</wall>
    </partial>
    <partial label="rotwfck:hc" calls="28">
      <cpu>1.360000000000028E-003</cpu>
      <wall>1.363754272460938E-003</wall>
    </partial>
    <partial label="s_psi_bgrp" calls="771">
      <cpu>1.315400000000233E-002</cpu>
      <wall>1.517009735107422E-002</wall>
    </partial>
    <partial label="s_psi" calls="771">
      <cpu>1.191899999999979E-002</cpu>
      <wall>1.372885704040527E-002</wall>
    </partial>
    <partial label="rotwfck:diag" calls="28">
      <cpu>1.006000000000395E-003</cpu>
      <wall>1.002788543701172E-003</wall>
    </partial>
    <partial label="cdiaghg" calls="743">
      <cpu>7.419599999999926E-002</cpu>
      <wall>8.705759048461914E-002</wall>
    </partial>
    <partial label="rotwfck:evc" calls="28">
      <cpu>3.480000000000150E-004</cpu>
      <wall>3.473758697509766E-004</wall>
    </partial>
    <partial label="electrons" calls="1">
      <cpu>1.467304000000000E+000</cpu>
      <wall>2.043907880783081E+000</wall>
    </partial>
    <partial label="c_bands" calls="7">
      <cpu>2.652620000000003E-001</cpu>
      <wall>7.044227123260498E-001</wall>
    </partial>
    <partial label="cegterg" calls="196">
      <cpu>2.403219999999986E-001</cpu>
      <wall>2.793257236480713E-001</wall>
    </partial>
    <partial label="cegterg:init" calls="196">
      <cpu>5.406000000001354E-003</cpu>
      <wall>6.217241287231445E-003</wall>
    </partial>
    <partial label="cegterg:upda" calls="547">
      <cpu>7.558999999998095E-003</cpu>
      <wall>8.759737014770508E-003</wall>
    </partial>
    <partial label="g_psi" calls="547">
      <cpu>2.030999999998784E-003</cpu>
      <wall>2.333164215087891E-003</wall>
    </partial>
    <partial label="cegterg:over" calls="547">
      <cpu>1.401500000000189E-002</cpu>
      <wall>1.628899574279785E-002</wall>
    </partial>
    <partial label="cegterg:diag" calls="715">
      <cpu>7.433299999999976E-002</cpu>
      <wall>8.729577064514160E-002</wall>
    </partial>
    <partial label="cegterg:last" calls="431">
      <cpu>1.739200000000229E-002</cpu>
      <wall>2.007746696472168E-002</wall>
    </partial>
    <partial label="sum_band" calls="7">
      <cpu>4.678399999999994E-002</cpu>
      <wall>4.857802391052246E-002</wall>
    </partial>
    <partial label="sum_band:wei" calls="7">
      <cpu>4.574000000000078E-003</cpu>
      <wall>4.830837249755859E-003</wall>
    </partial>
    <partial label="sum_band:loo" calls="7">
      <cpu>2.095300000000000E-002</cpu>
      <wall>2.246284484863281E-002</wall>
    </partial>
    <partial label="sum_band:buf" calls="196">
      <cpu>2.959999999974094E-004</cpu>
      <wall>3.213882446289062E-004</wall>
    </partial>
    <partial label="sum_band:ini" calls="196">
      <cpu>2.526000000001138E-003</cpu>
      <wall>2.762556076049805E-003</wall>
    </partial>
    <partial label="sum_band:cal" calls="196">
      <cpu>3.374000000001320E-003</cpu>
      <wall>3.598928451538086E-003</wall>
    </partial>
    <partial label="sum_band:bec" calls="196">
      <cpu>1.052999999999527E-003</cpu>
      <wall>1.131772994995117E-003</wall>
    </partial>
    <partial label="addusdens" calls="7">
      <cpu>1.857399999999987E-002</cpu>
      <wall>1.860308647155762E-002</wall>
    </partial>
    <partial label="addusd:skk" calls="7">
      <cpu>4.100000000017978E-005</cpu>
      <wall>4.220008850097656E-005</wall>
    </partial>
    <partial label="sum_band:sym" calls="7">
      <cpu>9.789999999996191E-004</cpu>
      <wall>9.772777557373047E-004</wall>
    </partial>
    <partial label="mix_rho" calls="7">
      <cpu>4.540000000003985E-004</cpu>
      <wall>4.544258117675781E-004</wall>
    </partial>
    <partial label="high_freq_mi" calls="6">
      <cpu>1.139999999999475E-004</cpu>
      <wall>1.139640808105469E-004</wall>
    </partial>
    <partial label="ions" calls="1">
      <cpu>1.000000000139778E-006</cpu>
      <wall>9.536743164062500E-007</wall>
    </partial>
  </timing_info>
  <closed DATE="21 Apr 2025" TIME="22:13:11"></closed>
</qes:espresso>
